Original Predictions,Logistic Regression Predictions
2,STANDING
STANDING,STANDING
2,STANDING
STANDING,STANDING
2,STANDING
STANDING,STANDING
2,STANDING
STANDING,STANDING
2,STANDING
STANDING,STANDING
2,STANDING
STANDING,STANDING
2,STANDING
STANDING,STANDING
2,STANDING
STANDING,STANDING
2,STANDING
STANDING,STANDING
2,STANDING
STANDING,STANDING
2,STANDING
STANDING,STANDING
2,STANDING
STANDING,STANDING
2,STANDING
STANDING,STANDING
2,STANDING
STANDING,STANDING
2,STANDING
STANDING,STANDING
2,STANDING
STANDING,SITTING
2,SITTING
STANDING,SITTING
2,SITTING
STANDING,SITTING
2,SITTING
STANDING,SITTING
2,SITTING
STANDING,SITTING
2,SITTING
STANDING,SITTING
2,STANDING
STANDING,STANDING
2,SITTING
STANDING,SITTING
2,SITTING
STANDING,SITTING
2,SITTING
STANDING,SITTING
2,STANDING
STANDING,SITTING
2,SITTING
STANDING,SITTING
2,SITTING
STANDING,LAYING
2,LAYING
STANDING,LAYING
2,LAYING
STANDING,LAYING
2,LAYING
STANDING,LAYING
2,LAYING
SITTING,LAYING
2,LAYING
SITTING,LAYING
2,LAYING
SITTING,LAYING
2,LAYING
SITTING,LAYING
2,LAYING
SITTING,LAYING
2,LAYING
SITTING,LAYING
2,LAYING
SITTING,LAYING
2,LAYING
SITTING,LAYING
2,LAYING
SITTING,WALKING
2,WALKING
SITTING,WALKING
2,WALKING
SITTING,WALKING
2,WALKING
SITTING,WALKING
2,WALKING
SITTING,WALKING
2,WALKING
SITTING,WALKING
2,WALKING
SITTING,WALKING
2,WALKING
SITTING,WALKING
2,WALKING
SITTING,WALKING
2,WALKING
SITTING,WALKING
2,WALKING
SITTING,WALKING
2,WALKING
SITTING,WALKING
2,WALKING
SITTING,WALKING
2,WALKING
SITTING,WALKING
2,WALKING
SITTING,WALKING
2,WALKING
SITTING,WALKING_DOWNSTAIRS
2,WALKING_DOWNSTAIRS
LAYING,WALKING_DOWNSTAIRS
2,WALKING_DOWNSTAIRS
LAYING,WALKING_DOWNSTAIRS
2,WALKING_DOWNSTAIRS
LAYING,WALKING_DOWNSTAIRS
2,WALKING_DOWNSTAIRS
LAYING,WALKING_DOWNSTAIRS
2,WALKING_DOWNSTAIRS
LAYING,WALKING_DOWNSTAIRS
2,WALKING_DOWNSTAIRS
LAYING,WALKING_DOWNSTAIRS
2,WALKING_DOWNSTAIRS
LAYING,WALKING_DOWNSTAIRS
2,WALKING_DOWNSTAIRS
LAYING,WALKING_DOWNSTAIRS
2,WALKING_DOWNSTAIRS
LAYING,WALKING_DOWNSTAIRS
2,WALKING_DOWNSTAIRS
LAYING,WALKING_DOWNSTAIRS
2,WALKING_DOWNSTAIRS
LAYING,WALKING_DOWNSTAIRS
2,WALKING_DOWNSTAIRS
LAYING,WALKING_UPSTAIRS
2,WALKING_UPSTAIRS
LAYING,WALKING_UPSTAIRS
2,WALKING_UPSTAIRS
LAYING,WALKING_UPSTAIRS
2,WALKING_UPSTAIRS
LAYING,WALKING_UPSTAIRS
2,WALKING_UPSTAIRS
LAYING,WALKING_UPSTAIRS
2,WALKING_UPSTAIRS
LAYING,WALKING_UPSTAIRS
2,WALKING_UPSTAIRS
LAYING,WALKING_UPSTAIRS
2,WALKING_UPSTAIRS
LAYING,WALKING_UPSTAIRS
2,WALKING_UPSTAIRS
LAYING,WALKING_UPSTAIRS
2,WALKING_UPSTAIRS
LAYING,WALKING_UPSTAIRS
2,WALKING_UPSTAIRS
LAYING,WALKING_UPSTAIRS
2,WALKING_UPSTAIRS
LAYING,WALKING_UPSTAIRS
2,WALKING_UPSTAIRS
LAYING,WALKING_UPSTAIRS
2,STANDING
WALKING,STANDING
2,STANDING
WALKING,STANDING
2,STANDING
WALKING,STANDING
2,STANDING
WALKING,STANDING
2,STANDING
WALKING,STANDING
2,STANDING
WALKING,STANDING
2,STANDING
WALKING,STANDING
2,STANDING
WALKING,STANDING
2,STANDING
WALKING,STANDING
2,STANDING
WALKING,STANDING
2,STANDING
WALKING,STANDING
2,STANDING
WALKING,SITTING
2,STANDING
WALKING,SITTING
2,SITTING
WALKING,SITTING
2,SITTING
WALKING,SITTING
2,SITTING
WALKING,SITTING
2,SITTING
WALKING,SITTING
2,SITTING
WALKING,SITTING
2,SITTING
WALKING,SITTING
2,SITTING
WALKING,SITTING
2,SITTING
WALKING,SITTING
2,SITTING
WALKING,SITTING
2,SITTING
WALKING,LAYING
2,LAYING
WALKING,LAYING
2,LAYING
WALKING,LAYING
2,LAYING
WALKING,LAYING
2,LAYING
WALKING,LAYING
2,LAYING
WALKING,LAYING
2,LAYING
WALKING,LAYING
2,LAYING
WALKING,LAYING
2,LAYING
WALKING_DOWNSTAIRS,LAYING
2,LAYING
WALKING_DOWNSTAIRS,LAYING
2,LAYING
WALKING_DOWNSTAIRS,LAYING
2,LAYING
WALKING_DOWNSTAIRS,LAYING
2,LAYING
WALKING_DOWNSTAIRS,WALKING
2,WALKING
WALKING_DOWNSTAIRS,WALKING
2,WALKING
WALKING_DOWNSTAIRS,WALKING
2,WALKING
WALKING_DOWNSTAIRS,WALKING
2,WALKING
WALKING_DOWNSTAIRS,WALKING
2,WALKING
WALKING_DOWNSTAIRS,WALKING
2,WALKING
WALKING_DOWNSTAIRS,WALKING
2,WALKING
WALKING_DOWNSTAIRS,WALKING
2,WALKING
WALKING_DOWNSTAIRS,WALKING
2,WALKING
WALKING_DOWNSTAIRS,WALKING
2,WALKING
WALKING_DOWNSTAIRS,WALKING
2,WALKING
WALKING_DOWNSTAIRS,WALKING
2,WALKING
WALKING_DOWNSTAIRS,WALKING
2,WALKING
WALKING_DOWNSTAIRS,WALKING
2,WALKING
WALKING_DOWNSTAIRS,WALKING
2,WALKING_DOWNSTAIRS
WALKING_DOWNSTAIRS,WALKING_DOWNSTAIRS
2,WALKING_DOWNSTAIRS
WALKING_DOWNSTAIRS,WALKING_DOWNSTAIRS
2,WALKING_DOWNSTAIRS
WALKING_DOWNSTAIRS,WALKING_DOWNSTAIRS
2,WALKING_DOWNSTAIRS
WALKING_DOWNSTAIRS,WALKING_DOWNSTAIRS
2,WALKING_DOWNSTAIRS
WALKING_DOWNSTAIRS,WALKING_DOWNSTAIRS
2,WALKING_DOWNSTAIRS
WALKING_UPSTAIRS,WALKING_DOWNSTAIRS
2,WALKING_DOWNSTAIRS
WALKING_UPSTAIRS,WALKING_DOWNSTAIRS
2,WALKING_DOWNSTAIRS
WALKING_UPSTAIRS,WALKING_DOWNSTAIRS
2,WALKING_DOWNSTAIRS
WALKING_UPSTAIRS,WALKING_DOWNSTAIRS
2,WALKING_DOWNSTAIRS
WALKING_UPSTAIRS,WALKING_DOWNSTAIRS
2,WALKING_DOWNSTAIRS
WALKING_UPSTAIRS,WALKING_DOWNSTAIRS
2,WALKING_DOWNSTAIRS
WALKING_UPSTAIRS,WALKING_UPSTAIRS
2,WALKING_UPSTAIRS
WALKING_UPSTAIRS,WALKING_UPSTAIRS
2,WALKING_UPSTAIRS
WALKING_UPSTAIRS,WALKING_UPSTAIRS
2,WALKING_UPSTAIRS
WALKING_UPSTAIRS,WALKING_UPSTAIRS
2,WALKING_UPSTAIRS
WALKING_UPSTAIRS,WALKING_UPSTAIRS
2,WALKING_UPSTAIRS
WALKING_UPSTAIRS,WALKING_UPSTAIRS
2,WALKING_UPSTAIRS
WALKING_UPSTAIRS,WALKING_UPSTAIRS
2,WALKING_UPSTAIRS
WALKING_UPSTAIRS,WALKING_UPSTAIRS
2,WALKING_UPSTAIRS
WALKING_UPSTAIRS,WALKING_UPSTAIRS
2,WALKING_UPSTAIRS
WALKING_UPSTAIRS,WALKING_UPSTAIRS
2,WALKING_UPSTAIRS
WALKING_UPSTAIRS,WALKING_UPSTAIRS
2,WALKING_UPSTAIRS
WALKING_UPSTAIRS,WALKING_UPSTAIRS
2,STANDING
WALKING_UPSTAIRS,STANDING
2,STANDING
WALKING_UPSTAIRS,STANDING
2,STANDING
WALKING_UPSTAIRS,STANDING
2,STANDING
WALKING_UPSTAIRS,STANDING
2,STANDING
WALKING_UPSTAIRS,STANDING
2,STANDING
WALKING_UPSTAIRS,SITTING
2,STANDING
WALKING_UPSTAIRS,STANDING
2,STANDING
STANDING,STANDING
2,STANDING
STANDING,STANDING
2,STANDING
STANDING,STANDING
2,STANDING
STANDING,STANDING
2,STANDING
STANDING,STANDING
2,STANDING
STANDING,STANDING
2,STANDING
STANDING,STANDING
2,SITTING
STANDING,SITTING
2,SITTING
STANDING,SITTING
2,SITTING
STANDING,SITTING
2,SITTING
STANDING,SITTING
2,SITTING
STANDING,SITTING
2,SITTING
STANDING,SITTING
2,SITTING
STANDING,SITTING
2,SITTING
STANDING,SITTING
2,SITTING
STANDING,SITTING
2,SITTING
STANDING,SITTING
2,SITTING
STANDING,SITTING
2,SITTING
STANDING,SITTING
2,LAYING
STANDING,LAYING
2,LAYING
STANDING,LAYING
2,LAYING
STANDING,LAYING
2,LAYING
STANDING,LAYING
2,LAYING
SITTING,LAYING
2,LAYING
SITTING,LAYING
2,LAYING
SITTING,LAYING
2,LAYING
SITTING,LAYING
2,LAYING
SITTING,LAYING
2,LAYING
SITTING,LAYING
2,LAYING
SITTING,LAYING
2,LAYING
SITTING,LAYING
2,LAYING
SITTING,LAYING
2,LAYING
SITTING,LAYING
2,LAYING
SITTING,LAYING
2,WALKING
SITTING,WALKING
2,WALKING
SITTING,WALKING
2,WALKING
SITTING,WALKING
2,WALKING
SITTING,WALKING
2,WALKING
SITTING,WALKING
2,WALKING
SITTING,WALKING
2,WALKING
SITTING,WALKING
2,WALKING
SITTING,WALKING
2,WALKING
SITTING,WALKING
2,WALKING
SITTING,WALKING
2,WALKING
SITTING,WALKING
2,WALKING
LAYING,WALKING
2,WALKING
LAYING,WALKING
2,WALKING
LAYING,WALKING
2,WALKING
LAYING,WALKING
2,WALKING
LAYING,WALKING_DOWNSTAIRS
2,WALKING_DOWNSTAIRS
LAYING,WALKING_DOWNSTAIRS
2,WALKING_DOWNSTAIRS
LAYING,WALKING_DOWNSTAIRS
2,WALKING_DOWNSTAIRS
LAYING,WALKING_DOWNSTAIRS
2,WALKING_DOWNSTAIRS
LAYING,WALKING_DOWNSTAIRS
2,WALKING_DOWNSTAIRS
LAYING,WALKING_DOWNSTAIRS
2,WALKING_DOWNSTAIRS
LAYING,WALKING_DOWNSTAIRS
2,WALKING_DOWNSTAIRS
LAYING,WALKING_DOWNSTAIRS
2,WALKING_DOWNSTAIRS
LAYING,WALKING_DOWNSTAIRS
2,WALKING_DOWNSTAIRS
LAYING,WALKING_DOWNSTAIRS
2,WALKING_DOWNSTAIRS
LAYING,WALKING_DOWNSTAIRS
2,WALKING_DOWNSTAIRS
LAYING,WALKING_DOWNSTAIRS
2,WALKING_UPSTAIRS
LAYING,WALKING_UPSTAIRS
2,WALKING_UPSTAIRS
LAYING,WALKING_UPSTAIRS
2,WALKING_UPSTAIRS
LAYING,WALKING_UPSTAIRS
2,WALKING_UPSTAIRS
LAYING,WALKING_UPSTAIRS
2,WALKING_UPSTAIRS
LAYING,WALKING_UPSTAIRS
2,WALKING_UPSTAIRS
LAYING,WALKING_UPSTAIRS
2,WALKING_UPSTAIRS
LAYING,WALKING_UPSTAIRS
2,WALKING_UPSTAIRS
LAYING,WALKING_UPSTAIRS
2,WALKING_UPSTAIRS
WALKING,WALKING_UPSTAIRS
2,WALKING_UPSTAIRS
WALKING,WALKING_UPSTAIRS
2,WALKING_UPSTAIRS
WALKING,WALKING_UPSTAIRS
2,WALKING_UPSTAIRS
WALKING,WALKING_UPSTAIRS
2,WALKING_UPSTAIRS
WALKING,WALKING_UPSTAIRS
2,WALKING_UPSTAIRS
WALKING,WALKING_UPSTAIRS
2,SITTING
WALKING,STANDING
2,STANDING
WALKING,STANDING
2,STANDING
WALKING,STANDING
2,STANDING
WALKING,STANDING
2,STANDING
WALKING,STANDING
2,STANDING
WALKING,STANDING
2,STANDING
WALKING,STANDING
2,STANDING
WALKING,STANDING
2,STANDING
WALKING,SITTING
2,STANDING
WALKING,STANDING
2,STANDING
WALKING,STANDING
2,STANDING
WALKING,STANDING
2,SITTING
WALKING,SITTING
2,STANDING
WALKING,STANDING
2,SITTING
WALKING,SITTING
2,SITTING
WALKING,SITTING
2,SITTING
WALKING,SITTING
2,SITTING
WALKING,SITTING
2,SITTING
WALKING,SITTING
2,SITTING
WALKING,SITTING
2,SITTING
WALKING,SITTING
2,STANDING
WALKING,SITTING
2,SITTING
WALKING,SITTING
2,SITTING
WALKING_DOWNSTAIRS,SITTING
2,STANDING
WALKING_DOWNSTAIRS,STANDING
2,SITTING
WALKING_DOWNSTAIRS,SITTING
2,SITTING
WALKING_DOWNSTAIRS,SITTING
2,LAYING
WALKING_DOWNSTAIRS,LAYING
2,LAYING
WALKING_DOWNSTAIRS,LAYING
2,LAYING
WALKING_DOWNSTAIRS,LAYING
2,LAYING
WALKING_DOWNSTAIRS,LAYING
2,LAYING
WALKING_DOWNSTAIRS,LAYING
2,LAYING
WALKING_DOWNSTAIRS,LAYING
2,LAYING
WALKING_DOWNSTAIRS,LAYING
2,LAYING
WALKING_DOWNSTAIRS,LAYING
2,LAYING
WALKING_DOWNSTAIRS,LAYING
2,LAYING
WALKING_DOWNSTAIRS,LAYING
2,LAYING
WALKING_DOWNSTAIRS,LAYING
2,LAYING
WALKING_DOWNSTAIRS,LAYING
2,WALKING
WALKING_DOWNSTAIRS,WALKING
2,WALKING
WALKING_DOWNSTAIRS,WALKING
2,WALKING
WALKING_DOWNSTAIRS,WALKING
2,WALKING
WALKING_DOWNSTAIRS,WALKING
2,WALKING
WALKING_DOWNSTAIRS,WALKING
2,WALKING
WALKING_DOWNSTAIRS,WALKING
2,WALKING
WALKING_DOWNSTAIRS,WALKING
2,WALKING
WALKING_UPSTAIRS,WALKING
2,WALKING
WALKING_UPSTAIRS,WALKING
2,WALKING
WALKING_UPSTAIRS,WALKING
2,WALKING
WALKING_UPSTAIRS,WALKING
2,WALKING
WALKING_UPSTAIRS,WALKING
2,WALKING
WALKING_UPSTAIRS,WALKING
2,WALKING
WALKING_UPSTAIRS,WALKING
2,WALKING
WALKING_UPSTAIRS,WALKING_DOWNSTAIRS
2,WALKING_DOWNSTAIRS
WALKING_UPSTAIRS,WALKING_DOWNSTAIRS
2,WALKING_DOWNSTAIRS
WALKING_UPSTAIRS,WALKING_DOWNSTAIRS
2,WALKING_DOWNSTAIRS
WALKING_UPSTAIRS,WALKING_DOWNSTAIRS
2,WALKING_DOWNSTAIRS
WALKING_UPSTAIRS,WALKING_DOWNSTAIRS
2,WALKING_DOWNSTAIRS
WALKING_UPSTAIRS,WALKING_DOWNSTAIRS
2,WALKING_DOWNSTAIRS
WALKING_UPSTAIRS,WALKING_DOWNSTAIRS
2,WALKING_DOWNSTAIRS
WALKING_UPSTAIRS,WALKING_DOWNSTAIRS
2,WALKING_DOWNSTAIRS
WALKING_UPSTAIRS,WALKING_DOWNSTAIRS
2,WALKING_DOWNSTAIRS
WALKING_UPSTAIRS,WALKING_DOWNSTAIRS
2,WALKING_DOWNSTAIRS
WALKING_UPSTAIRS,WALKING_DOWNSTAIRS
2,WALKING_DOWNSTAIRS
WALKING_UPSTAIRS,WALKING_UPSTAIRS
2,WALKING_UPSTAIRS
WALKING_UPSTAIRS,WALKING_UPSTAIRS
2,WALKING_UPSTAIRS
WALKING_UPSTAIRS,WALKING_UPSTAIRS
2,WALKING_UPSTAIRS
WALKING_UPSTAIRS,WALKING_UPSTAIRS
2,WALKING
WALKING_UPSTAIRS,WALKING_UPSTAIRS
4,WALKING_UPSTAIRS
STANDING,WALKING_UPSTAIRS
4,WALKING_UPSTAIRS
STANDING,WALKING_UPSTAIRS
4,WALKING_UPSTAIRS
STANDING,WALKING
4,WALKING
STANDING,WALKING_UPSTAIRS
4,WALKING_UPSTAIRS
STANDING,WALKING_UPSTAIRS
4,WALKING_UPSTAIRS
STANDING,WALKING_UPSTAIRS
4,WALKING_UPSTAIRS
STANDING,WALKING_DOWNSTAIRS
4,WALKING
STANDING,STANDING
4,STANDING
STANDING,STANDING
4,SITTING
STANDING,SITTING
4,STANDING
STANDING,STANDING
4,STANDING
STANDING,STANDING
4,SITTING
STANDING,STANDING
4,STANDING
STANDING,SITTING
4,STANDING
STANDING,STANDING
4,STANDING
STANDING,STANDING
4,STANDING
STANDING,STANDING
4,STANDING
STANDING,STANDING
4,STANDING
STANDING,SITTING
4,SITTING
STANDING,SITTING
4,SITTING
STANDING,SITTING
4,SITTING
STANDING,SITTING
4,SITTING
STANDING,SITTING
4,SITTING
STANDING,SITTING
4,SITTING
STANDING,SITTING
4,SITTING
STANDING,SITTING
4,SITTING
STANDING,SITTING
4,SITTING
STANDING,SITTING
4,SITTING
SITTING,SITTING
4,SITTING
SITTING,SITTING
4,SITTING
SITTING,SITTING
4,LAYING
SITTING,LAYING
4,LAYING
SITTING,LAYING
4,LAYING
SITTING,LAYING
4,LAYING
SITTING,LAYING
4,LAYING
SITTING,LAYING
4,LAYING
SITTING,LAYING
4,LAYING
SITTING,LAYING
4,LAYING
SITTING,LAYING
4,LAYING
SITTING,LAYING
4,LAYING
SITTING,LAYING
4,LAYING
SITTING,LAYING
4,LAYING
SITTING,LAYING
4,WALKING
SITTING,WALKING
4,WALKING
SITTING,WALKING
4,WALKING
SITTING,WALKING
4,WALKING
SITTING,WALKING
4,WALKING
SITTING,WALKING
4,WALKING
SITTING,WALKING
4,WALKING
SITTING,WALKING
4,WALKING
SITTING,WALKING
4,WALKING
SITTING,WALKING
4,WALKING
LAYING,WALKING
4,WALKING
LAYING,WALKING
4,WALKING
LAYING,WALKING
4,WALKING
LAYING,WALKING
4,WALKING_DOWNSTAIRS
LAYING,WALKING_DOWNSTAIRS
4,WALKING_DOWNSTAIRS
LAYING,WALKING_DOWNSTAIRS
4,WALKING_DOWNSTAIRS
LAYING,WALKING_DOWNSTAIRS
4,WALKING_DOWNSTAIRS
LAYING,WALKING_UPSTAIRS
4,WALKING_UPSTAIRS
LAYING,WALKING_UPSTAIRS
4,WALKING
LAYING,WALKING
4,WALKING_UPSTAIRS
LAYING,WALKING_UPSTAIRS
4,WALKING_UPSTAIRS
LAYING,WALKING
4,WALKING
LAYING,WALKING_DOWNSTAIRS
4,WALKING_DOWNSTAIRS
LAYING,WALKING_DOWNSTAIRS
4,WALKING_DOWNSTAIRS
LAYING,WALKING_DOWNSTAIRS
4,WALKING_DOWNSTAIRS
LAYING,WALKING
4,WALKING
LAYING,WALKING
4,WALKING_UPSTAIRS
LAYING,WALKING_UPSTAIRS
4,WALKING
LAYING,WALKING_UPSTAIRS
4,WALKING_UPSTAIRS
LAYING,WALKING_DOWNSTAIRS
4,WALKING_DOWNSTAIRS
LAYING,WALKING_DOWNSTAIRS
4,WALKING_DOWNSTAIRS
LAYING,WALKING_DOWNSTAIRS
4,WALKING_DOWNSTAIRS
LAYING,WALKING_DOWNSTAIRS
4,WALKING_DOWNSTAIRS
LAYING,WALKING_UPSTAIRS
4,WALKING
LAYING,WALKING
4,WALKING_UPSTAIRS
LAYING,WALKING
4,WALKING
LAYING,WALKING
4,WALKING
LAYING,STANDING
4,STANDING
LAYING,SITTING
4,STANDING
LAYING,STANDING
4,STANDING
WALKING,STANDING
4,STANDING
WALKING,STANDING
4,STANDING
WALKING,STANDING
4,SITTING
WALKING,SITTING
4,SITTING
WALKING,STANDING
4,STANDING
WALKING,STANDING
4,STANDING
WALKING,STANDING
4,STANDING
WALKING,STANDING
4,STANDING
WALKING,STANDING
4,STANDING
WALKING,STANDING
4,STANDING
WALKING,SITTING
4,WALKING_UPSTAIRS
WALKING,WALKING_UPSTAIRS
4,WALKING_UPSTAIRS
WALKING,STANDING
4,STANDING
WALKING,STANDING
4,STANDING
WALKING,STANDING
4,SITTING
WALKING,SITTING
4,SITTING
WALKING,SITTING
4,STANDING
WALKING,SITTING
4,SITTING
WALKING,SITTING
4,SITTING
WALKING,SITTING
4,SITTING
WALKING,STANDING
4,SITTING
WALKING,LAYING
4,LAYING
WALKING,LAYING
4,LAYING
WALKING,LAYING
4,LAYING
WALKING,LAYING
4,LAYING
WALKING,LAYING
4,LAYING
WALKING,LAYING
4,LAYING
WALKING,LAYING
4,LAYING
WALKING,LAYING
4,LAYING
WALKING,LAYING
4,LAYING
WALKING,LAYING
4,LAYING
WALKING_DOWNSTAIRS,LAYING
4,LAYING
WALKING_DOWNSTAIRS,LAYING
4,LAYING
WALKING_DOWNSTAIRS,LAYING
4,LAYING
WALKING_DOWNSTAIRS,WALKING
4,WALKING
WALKING_DOWNSTAIRS,WALKING
4,WALKING
WALKING_DOWNSTAIRS,WALKING
4,WALKING
WALKING_DOWNSTAIRS,WALKING
4,WALKING
WALKING_DOWNSTAIRS,WALKING
4,WALKING
WALKING_DOWNSTAIRS,WALKING
4,WALKING
WALKING_DOWNSTAIRS,WALKING
4,WALKING
WALKING_DOWNSTAIRS,WALKING
4,WALKING
WALKING_DOWNSTAIRS,WALKING
4,WALKING
WALKING_DOWNSTAIRS,WALKING
4,WALKING
WALKING_DOWNSTAIRS,WALKING
4,WALKING
WALKING_DOWNSTAIRS,WALKING
4,WALKING
WALKING_DOWNSTAIRS,WALKING
4,WALKING
WALKING_DOWNSTAIRS,WALKING_DOWNSTAIRS
4,WALKING_DOWNSTAIRS
WALKING_DOWNSTAIRS,WALKING_DOWNSTAIRS
4,WALKING_DOWNSTAIRS
WALKING_DOWNSTAIRS,WALKING_DOWNSTAIRS
4,WALKING_DOWNSTAIRS
WALKING_DOWNSTAIRS,WALKING_DOWNSTAIRS
4,WALKING_DOWNSTAIRS
WALKING_DOWNSTAIRS,WALKING_DOWNSTAIRS
4,WALKING_DOWNSTAIRS
WALKING_DOWNSTAIRS,WALKING_DOWNSTAIRS
4,WALKING_DOWNSTAIRS
WALKING_DOWNSTAIRS,WALKING_DOWNSTAIRS
4,WALKING_DOWNSTAIRS
WALKING_UPSTAIRS,WALKING_UPSTAIRS
4,WALKING_UPSTAIRS
WALKING_UPSTAIRS,WALKING_UPSTAIRS
4,WALKING_UPSTAIRS
WALKING_UPSTAIRS,WALKING_UPSTAIRS
4,WALKING_UPSTAIRS
WALKING_UPSTAIRS,WALKING_UPSTAIRS
4,WALKING_UPSTAIRS
WALKING_UPSTAIRS,WALKING_UPSTAIRS
4,WALKING_UPSTAIRS
WALKING_UPSTAIRS,WALKING_UPSTAIRS
4,WALKING_UPSTAIRS
WALKING_UPSTAIRS,WALKING_UPSTAIRS
4,WALKING_UPSTAIRS
WALKING_UPSTAIRS,WALKING_UPSTAIRS
4,WALKING_UPSTAIRS
WALKING_UPSTAIRS,WALKING_UPSTAIRS
4,WALKING_UPSTAIRS
WALKING_UPSTAIRS,WALKING_UPSTAIRS
4,WALKING_UPSTAIRS
WALKING_UPSTAIRS,WALKING_UPSTAIRS
4,WALKING_UPSTAIRS
WALKING_UPSTAIRS,WALKING_UPSTAIRS
4,WALKING_DOWNSTAIRS
WALKING_UPSTAIRS,WALKING_DOWNSTAIRS
4,WALKING_DOWNSTAIRS
WALKING_UPSTAIRS,WALKING_DOWNSTAIRS
4,WALKING_DOWNSTAIRS
WALKING_UPSTAIRS,WALKING_DOWNSTAIRS
4,WALKING_DOWNSTAIRS
WALKING_UPSTAIRS,STANDING
4,STANDING
WALKING_UPSTAIRS,STANDING
4,STANDING
WALKING_UPSTAIRS,STANDING
4,STANDING
WALKING_UPSTAIRS,STANDING
4,STANDING
WALKING_UPSTAIRS,STANDING
4,STANDING
WALKING_UPSTAIRS,STANDING
4,STANDING
WALKING_UPSTAIRS,STANDING
4,STANDING
WALKING_UPSTAIRS,STANDING
4,STANDING
WALKING_UPSTAIRS,STANDING
4,STANDING
WALKING_UPSTAIRS,STANDING
4,STANDING
WALKING_UPSTAIRS,STANDING
4,STANDING
WALKING_UPSTAIRS,STANDING
4,SITTING
WALKING_UPSTAIRS,SITTING
4,SITTING
STANDING,SITTING
4,SITTING
STANDING,SITTING
4,SITTING
STANDING,SITTING
4,SITTING
STANDING,SITTING
4,SITTING
STANDING,SITTING
4,SITTING
STANDING,SITTING
4,SITTING
STANDING,SITTING
4,SITTING
STANDING,SITTING
4,SITTING
STANDING,SITTING
4,SITTING
STANDING,SITTING
4,SITTING
STANDING,SITTING
4,LAYING
STANDING,LAYING
4,LAYING
STANDING,LAYING
4,LAYING
STANDING,LAYING
4,LAYING
STANDING,LAYING
4,LAYING
STANDING,LAYING
4,LAYING
STANDING,LAYING
4,LAYING
STANDING,LAYING
4,LAYING
STANDING,LAYING
4,LAYING
STANDING,LAYING
4,LAYING
STANDING,LAYING
4,LAYING
STANDING,LAYING
4,LAYING
STANDING,LAYING
4,LAYING
STANDING,LAYING
4,LAYING
STANDING,LAYING
4,LAYING
STANDING,LAYING
4,LAYING
STANDING,WALKING
4,WALKING
STANDING,WALKING
4,WALKING
SITTING,WALKING
4,WALKING
SITTING,WALKING
4,WALKING
SITTING,WALKING
4,WALKING
SITTING,WALKING
4,WALKING
SITTING,WALKING
4,WALKING
SITTING,WALKING
4,WALKING
SITTING,WALKING
4,WALKING
SITTING,WALKING
4,WALKING
SITTING,WALKING
4,WALKING
SITTING,WALKING
4,WALKING
SITTING,WALKING
4,WALKING
SITTING,WALKING
4,WALKING_DOWNSTAIRS
SITTING,WALKING_DOWNSTAIRS
4,WALKING_DOWNSTAIRS
SITTING,WALKING_DOWNSTAIRS
4,WALKING_DOWNSTAIRS
SITTING,WALKING_DOWNSTAIRS
4,WALKING_DOWNSTAIRS
SITTING,WALKING_DOWNSTAIRS
4,WALKING_DOWNSTAIRS
SITTING,WALKING_DOWNSTAIRS
4,WALKING_DOWNSTAIRS
SITTING,WALKING_DOWNSTAIRS
4,WALKING_DOWNSTAIRS
SITTING,WALKING_DOWNSTAIRS
4,WALKING_DOWNSTAIRS
SITTING,WALKING_DOWNSTAIRS
4,WALKING_DOWNSTAIRS
SITTING,WALKING_DOWNSTAIRS
4,WALKING_DOWNSTAIRS
SITTING,WALKING_UPSTAIRS
4,WALKING_DOWNSTAIRS
SITTING,WALKING_UPSTAIRS
4,WALKING_UPSTAIRS
SITTING,WALKING_UPSTAIRS
4,WALKING_UPSTAIRS
SITTING,WALKING_UPSTAIRS
4,WALKING_UPSTAIRS
SITTING,WALKING_UPSTAIRS
4,WALKING_UPSTAIRS
LAYING,WALKING_UPSTAIRS
4,WALKING_UPSTAIRS
LAYING,WALKING_UPSTAIRS
4,WALKING_UPSTAIRS
LAYING,WALKING_UPSTAIRS
4,WALKING_UPSTAIRS
LAYING,WALKING_UPSTAIRS
4,WALKING_UPSTAIRS
LAYING,WALKING_UPSTAIRS
4,WALKING_UPSTAIRS
LAYING,WALKING_UPSTAIRS
4,WALKING
LAYING,WALKING_UPSTAIRS
4,STANDING
LAYING,STANDING
4,STANDING
LAYING,STANDING
4,STANDING
LAYING,STANDING
4,STANDING
LAYING,STANDING
4,STANDING
LAYING,STANDING
4,STANDING
LAYING,STANDING
4,STANDING
LAYING,STANDING
4,STANDING
LAYING,STANDING
4,SITTING
LAYING,SITTING
4,STANDING
LAYING,STANDING
4,STANDING
LAYING,STANDING
4,SITTING
LAYING,STANDING
4,STANDING
LAYING,STANDING
4,STANDING
LAYING,STANDING
4,STANDING
LAYING,STANDING
4,STANDING
LAYING,STANDING
4,STANDING
LAYING,STANDING
4,STANDING
WALKING,STANDING
4,STANDING
WALKING,STANDING
4,STANDING
WALKING,SITTING
4,SITTING
WALKING,SITTING
4,SITTING
WALKING,STANDING
4,STANDING
WALKING,SITTING
4,SITTING
WALKING,SITTING
4,STANDING
WALKING,SITTING
4,SITTING
WALKING,LAYING
4,LAYING
WALKING,LAYING
4,LAYING
WALKING,LAYING
4,LAYING
WALKING,LAYING
4,LAYING
WALKING,LAYING
4,LAYING
WALKING,LAYING
4,LAYING
WALKING,LAYING
4,LAYING
WALKING,LAYING
4,LAYING
WALKING,LAYING
4,LAYING
WALKING,LAYING
4,LAYING
WALKING,LAYING
4,LAYING
WALKING,LAYING
4,LAYING
WALKING,LAYING
4,LAYING
WALKING,LAYING
4,WALKING
WALKING,WALKING
4,WALKING
WALKING,WALKING
4,WALKING
WALKING,WALKING
4,WALKING
WALKING,WALKING
4,WALKING
WALKING,WALKING
4,WALKING
WALKING,WALKING
4,WALKING
WALKING,WALKING
4,WALKING
WALKING_DOWNSTAIRS,WALKING
4,WALKING
WALKING_DOWNSTAIRS,WALKING
4,WALKING
WALKING_DOWNSTAIRS,WALKING_DOWNSTAIRS
4,WALKING_DOWNSTAIRS
WALKING_DOWNSTAIRS,WALKING
4,WALKING
WALKING_DOWNSTAIRS,WALKING
4,WALKING
WALKING_DOWNSTAIRS,WALKING
4,WALKING_DOWNSTAIRS
WALKING_DOWNSTAIRS,WALKING_DOWNSTAIRS
4,WALKING_DOWNSTAIRS
WALKING_DOWNSTAIRS,WALKING_DOWNSTAIRS
4,WALKING_DOWNSTAIRS
WALKING_DOWNSTAIRS,WALKING_DOWNSTAIRS
4,WALKING_DOWNSTAIRS
WALKING_DOWNSTAIRS,WALKING_DOWNSTAIRS
4,WALKING_DOWNSTAIRS
WALKING_DOWNSTAIRS,WALKING_DOWNSTAIRS
4,WALKING_DOWNSTAIRS
WALKING_DOWNSTAIRS,WALKING_DOWNSTAIRS
4,WALKING_DOWNSTAIRS
WALKING_DOWNSTAIRS,WALKING_DOWNSTAIRS
4,WALKING_DOWNSTAIRS
WALKING_DOWNSTAIRS,WALKING_DOWNSTAIRS
4,WALKING_DOWNSTAIRS
WALKING_DOWNSTAIRS,WALKING_DOWNSTAIRS
4,WALKING_DOWNSTAIRS
WALKING_DOWNSTAIRS,WALKING_UPSTAIRS
4,WALKING_DOWNSTAIRS
WALKING_DOWNSTAIRS,WALKING
4,WALKING
WALKING_DOWNSTAIRS,WALKING
4,WALKING_DOWNSTAIRS
WALKING_DOWNSTAIRS,WALKING_UPSTAIRS
4,WALKING_UPSTAIRS
WALKING_DOWNSTAIRS,WALKING_UPSTAIRS
4,WALKING_UPSTAIRS
WALKING_DOWNSTAIRS,WALKING
4,WALKING
WALKING_DOWNSTAIRS,WALKING
4,WALKING
WALKING_UPSTAIRS,WALKING_UPSTAIRS
4,WALKING_UPSTAIRS
WALKING_UPSTAIRS,WALKING_UPSTAIRS
4,WALKING
WALKING_UPSTAIRS,WALKING
4,WALKING_UPSTAIRS
WALKING_UPSTAIRS,WALKING
4,WALKING
WALKING_UPSTAIRS,WALKING_UPSTAIRS
4,WALKING_UPSTAIRS
WALKING_UPSTAIRS,STANDING
4,STANDING
WALKING_UPSTAIRS,STANDING
4,STANDING
WALKING_UPSTAIRS,STANDING
4,STANDING
WALKING_UPSTAIRS,STANDING
4,STANDING
WALKING_UPSTAIRS,STANDING
4,STANDING
WALKING_UPSTAIRS,STANDING
4,STANDING
WALKING_UPSTAIRS,STANDING
4,STANDING
WALKING_UPSTAIRS,STANDING
4,STANDING
WALKING_UPSTAIRS,STANDING
4,STANDING
WALKING_UPSTAIRS,STANDING
4,STANDING
WALKING_UPSTAIRS,STANDING
4,STANDING
WALKING_UPSTAIRS,STANDING
4,STANDING
WALKING_UPSTAIRS,STANDING
4,STANDING
WALKING_UPSTAIRS,STANDING
4,SITTING
WALKING_UPSTAIRS,SITTING
4,SITTING
WALKING_UPSTAIRS,SITTING
4,SITTING
WALKING_UPSTAIRS,SITTING
4,SITTING
WALKING_UPSTAIRS,SITTING
4,SITTING
WALKING_UPSTAIRS,SITTING
9,SITTING
STANDING,SITTING
9,SITTING
STANDING,SITTING
9,SITTING
STANDING,SITTING
9,SITTING
STANDING,SITTING
9,SITTING
STANDING,SITTING
9,SITTING
STANDING,SITTING
9,SITTING
STANDING,STANDING
9,STANDING
STANDING,STANDING
9,STANDING
STANDING,SITTING
9,LAYING
STANDING,LAYING
9,LAYING
STANDING,LAYING
9,LAYING
STANDING,LAYING
9,LAYING
STANDING,LAYING
9,LAYING
STANDING,LAYING
9,LAYING
STANDING,LAYING
9,LAYING
STANDING,LAYING
9,LAYING
STANDING,LAYING
9,LAYING
STANDING,LAYING
9,LAYING
STANDING,LAYING
9,LAYING
STANDING,LAYING
9,LAYING
STANDING,LAYING
9,LAYING
STANDING,LAYING
9,LAYING
SITTING,WALKING
9,WALKING
SITTING,WALKING
9,WALKING
SITTING,WALKING
9,WALKING
SITTING,WALKING
9,WALKING
SITTING,WALKING
9,WALKING
SITTING,WALKING
9,WALKING
SITTING,WALKING
9,WALKING
SITTING,WALKING
9,WALKING
SITTING,WALKING
9,WALKING
SITTING,WALKING
9,WALKING
SITTING,WALKING
9,WALKING
SITTING,WALKING
9,WALKING
SITTING,WALKING
9,WALKING
SITTING,WALKING
9,WALKING_DOWNSTAIRS
SITTING,WALKING_DOWNSTAIRS
9,WALKING_DOWNSTAIRS
SITTING,WALKING_DOWNSTAIRS
9,WALKING_DOWNSTAIRS
SITTING,WALKING_DOWNSTAIRS
9,WALKING_DOWNSTAIRS
SITTING,WALKING_DOWNSTAIRS
9,WALKING_DOWNSTAIRS
SITTING,WALKING_DOWNSTAIRS
9,WALKING_DOWNSTAIRS
SITTING,WALKING_DOWNSTAIRS
9,WALKING_DOWNSTAIRS
SITTING,WALKING_DOWNSTAIRS
9,WALKING_DOWNSTAIRS
SITTING,WALKING_DOWNSTAIRS
9,WALKING_DOWNSTAIRS
SITTING,WALKING_DOWNSTAIRS
9,WALKING_DOWNSTAIRS
SITTING,WALKING_DOWNSTAIRS
9,WALKING
SITTING,WALKING_DOWNSTAIRS
9,WALKING_DOWNSTAIRS
LAYING,WALKING_DOWNSTAIRS
9,WALKING_DOWNSTAIRS
LAYING,WALKING_UPSTAIRS
9,WALKING_UPSTAIRS
LAYING,WALKING_UPSTAIRS
9,WALKING_UPSTAIRS
LAYING,WALKING_UPSTAIRS
9,WALKING_UPSTAIRS
LAYING,WALKING_UPSTAIRS
9,WALKING_UPSTAIRS
LAYING,WALKING_UPSTAIRS
9,WALKING_UPSTAIRS
LAYING,WALKING_UPSTAIRS
9,WALKING_UPSTAIRS
LAYING,WALKING_UPSTAIRS
9,WALKING_UPSTAIRS
LAYING,WALKING_UPSTAIRS
9,WALKING_UPSTAIRS
LAYING,WALKING_UPSTAIRS
9,WALKING_UPSTAIRS
LAYING,WALKING_UPSTAIRS
9,WALKING_UPSTAIRS
LAYING,WALKING_UPSTAIRS
9,WALKING_UPSTAIRS
LAYING,WALKING_UPSTAIRS
9,WALKING_UPSTAIRS
LAYING,WALKING_UPSTAIRS
9,WALKING_UPSTAIRS
LAYING,WALKING_UPSTAIRS
9,STANDING
LAYING,SITTING
9,STANDING
LAYING,STANDING
9,STANDING
LAYING,STANDING
9,STANDING
LAYING,STANDING
9,STANDING
LAYING,STANDING
9,STANDING
LAYING,STANDING
9,STANDING
LAYING,STANDING
9,STANDING
LAYING,STANDING
9,STANDING
LAYING,STANDING
9,STANDING
WALKING,STANDING
9,STANDING
WALKING,STANDING
9,STANDING
WALKING,STANDING
9,STANDING
WALKING,STANDING
9,STANDING
WALKING,STANDING
9,STANDING
WALKING,STANDING
9,STANDING
WALKING,STANDING
9,STANDING
WALKING,STANDING
9,SITTING
WALKING,SITTING
9,SITTING
WALKING,SITTING
9,STANDING
WALKING,SITTING
9,SITTING
WALKING,STANDING
9,SITTING
WALKING,SITTING
9,SITTING
WALKING,SITTING
9,SITTING
WALKING,SITTING
9,SITTING
WALKING,SITTING
9,SITTING
WALKING,SITTING
9,STANDING
WALKING,STANDING
9,SITTING
WALKING,SITTING
9,SITTING
WALKING,LAYING
9,LAYING
WALKING,LAYING
9,LAYING
WALKING,LAYING
9,LAYING
WALKING,LAYING
9,LAYING
WALKING,LAYING
9,LAYING
WALKING,LAYING
9,LAYING
WALKING,LAYING
9,LAYING
WALKING_DOWNSTAIRS,LAYING
9,LAYING
WALKING_DOWNSTAIRS,LAYING
9,LAYING
WALKING_DOWNSTAIRS,LAYING
9,LAYING
WALKING_DOWNSTAIRS,LAYING
9,LAYING
WALKING_DOWNSTAIRS,LAYING
9,LAYING
WALKING_DOWNSTAIRS,LAYING
9,LAYING
WALKING_DOWNSTAIRS,LAYING
9,LAYING
WALKING_UPSTAIRS,LAYING
9,LAYING
WALKING_UPSTAIRS,LAYING
9,LAYING
WALKING_UPSTAIRS,LAYING
9,WALKING
WALKING_UPSTAIRS,WALKING
9,WALKING
WALKING_UPSTAIRS,WALKING
9,WALKING
WALKING_UPSTAIRS,WALKING
9,WALKING
WALKING_UPSTAIRS,WALKING
9,WALKING
WALKING_UPSTAIRS,WALKING
9,WALKING
WALKING_UPSTAIRS,WALKING
9,WALKING
WALKING_UPSTAIRS,WALKING
9,WALKING
WALKING_DOWNSTAIRS,WALKING
9,WALKING
WALKING_DOWNSTAIRS,WALKING
9,WALKING
WALKING_DOWNSTAIRS,WALKING
9,WALKING
WALKING_DOWNSTAIRS,WALKING
9,WALKING
WALKING_DOWNSTAIRS,WALKING_DOWNSTAIRS
9,WALKING_DOWNSTAIRS
WALKING_DOWNSTAIRS,WALKING_DOWNSTAIRS
9,WALKING_DOWNSTAIRS
WALKING_UPSTAIRS,WALKING_DOWNSTAIRS
9,WALKING_DOWNSTAIRS
WALKING_UPSTAIRS,WALKING_DOWNSTAIRS
9,WALKING_DOWNSTAIRS
WALKING_UPSTAIRS,WALKING_DOWNSTAIRS
9,WALKING_DOWNSTAIRS
WALKING_UPSTAIRS,WALKING_DOWNSTAIRS
9,WALKING_DOWNSTAIRS
WALKING_UPSTAIRS,WALKING_DOWNSTAIRS
9,WALKING_DOWNSTAIRS
WALKING_UPSTAIRS,WALKING_DOWNSTAIRS
9,WALKING_DOWNSTAIRS
WALKING_UPSTAIRS,WALKING_DOWNSTAIRS
9,WALKING_DOWNSTAIRS
WALKING_UPSTAIRS,WALKING_DOWNSTAIRS
9,WALKING_DOWNSTAIRS
WALKING_DOWNSTAIRS,WALKING_DOWNSTAIRS
9,WALKING_UPSTAIRS
WALKING_DOWNSTAIRS,WALKING_UPSTAIRS
9,WALKING_UPSTAIRS
WALKING_DOWNSTAIRS,WALKING_UPSTAIRS
9,WALKING_UPSTAIRS
WALKING_DOWNSTAIRS,WALKING_UPSTAIRS
9,WALKING_UPSTAIRS
WALKING_DOWNSTAIRS,WALKING_UPSTAIRS
9,WALKING_UPSTAIRS
WALKING_DOWNSTAIRS,WALKING_UPSTAIRS
9,WALKING_UPSTAIRS
WALKING_DOWNSTAIRS,WALKING_UPSTAIRS
9,WALKING_UPSTAIRS
WALKING_DOWNSTAIRS,WALKING_UPSTAIRS
9,WALKING_UPSTAIRS
WALKING_UPSTAIRS,WALKING_UPSTAIRS
9,WALKING_UPSTAIRS
WALKING_UPSTAIRS,WALKING_UPSTAIRS
9,WALKING_UPSTAIRS
WALKING_UPSTAIRS,WALKING_UPSTAIRS
9,WALKING_UPSTAIRS
WALKING_UPSTAIRS,WALKING_UPSTAIRS
9,WALKING_UPSTAIRS
WALKING_UPSTAIRS,WALKING_UPSTAIRS
9,WALKING_UPSTAIRS
WALKING_UPSTAIRS,STANDING
9,STANDING
WALKING_UPSTAIRS,STANDING
9,STANDING
WALKING_UPSTAIRS,STANDING
9,STANDING
STANDING,STANDING
9,STANDING
STANDING,STANDING
9,STANDING
STANDING,STANDING
9,STANDING
STANDING,STANDING
9,STANDING
STANDING,STANDING
9,STANDING
STANDING,STANDING
9,STANDING
STANDING,STANDING
9,STANDING
STANDING,STANDING
9,STANDING
STANDING,STANDING
9,STANDING
STANDING,STANDING
9,STANDING
STANDING,STANDING
9,SITTING
STANDING,SITTING
9,SITTING
STANDING,SITTING
9,SITTING
STANDING,SITTING
9,SITTING
STANDING,SITTING
9,SITTING
STANDING,SITTING
9,SITTING
STANDING,SITTING
9,SITTING
STANDING,SITTING
9,SITTING
STANDING,SITTING
9,SITTING
STANDING,SITTING
9,SITTING
STANDING,SITTING
9,SITTING
STANDING,SITTING
9,SITTING
STANDING,SITTING
9,LAYING
SITTING,LAYING
9,LAYING
SITTING,LAYING
9,LAYING
SITTING,LAYING
9,LAYING
SITTING,LAYING
9,LAYING
SITTING,LAYING
9,LAYING
SITTING,LAYING
9,LAYING
SITTING,LAYING
9,LAYING
SITTING,LAYING
9,LAYING
SITTING,LAYING
9,LAYING
SITTING,LAYING
9,LAYING
SITTING,LAYING
9,LAYING
SITTING,LAYING
9,LAYING
SITTING,LAYING
9,LAYING
SITTING,LAYING
9,LAYING
SITTING,LAYING
9,LAYING
SITTING,LAYING
9,LAYING
SITTING,WALKING
9,WALKING
SITTING,WALKING
9,WALKING
SITTING,WALKING
9,WALKING
SITTING,WALKING
9,WALKING
SITTING,WALKING
9,WALKING
SITTING,WALKING
9,WALKING
SITTING,WALKING
9,WALKING
SITTING,WALKING
9,WALKING
SITTING,WALKING
9,WALKING
LAYING,WALKING
9,WALKING
LAYING,WALKING
9,WALKING
LAYING,WALKING
9,WALKING
LAYING,WALKING
9,WALKING
LAYING,WALKING
9,WALKING
LAYING,WALKING
9,WALKING
LAYING,WALKING_DOWNSTAIRS
9,WALKING
LAYING,WALKING
9,WALKING_DOWNSTAIRS
LAYING,WALKING_DOWNSTAIRS
9,WALKING_DOWNSTAIRS
LAYING,WALKING_DOWNSTAIRS
9,WALKING_DOWNSTAIRS
LAYING,WALKING_DOWNSTAIRS
9,WALKING_DOWNSTAIRS
LAYING,WALKING_DOWNSTAIRS
9,WALKING_DOWNSTAIRS
LAYING,WALKING_DOWNSTAIRS
9,WALKING_DOWNSTAIRS
LAYING,WALKING_DOWNSTAIRS
9,WALKING_DOWNSTAIRS
LAYING,WALKING_DOWNSTAIRS
9,WALKING_DOWNSTAIRS
LAYING,WALKING_DOWNSTAIRS
9,WALKING_DOWNSTAIRS
LAYING,WALKING_DOWNSTAIRS
9,WALKING_DOWNSTAIRS
LAYING,WALKING_DOWNSTAIRS
9,WALKING_DOWNSTAIRS
LAYING,WALKING_DOWNSTAIRS
9,WALKING_DOWNSTAIRS
LAYING,WALKING_DOWNSTAIRS
9,WALKING_UPSTAIRS
LAYING,WALKING_UPSTAIRS
9,WALKING_UPSTAIRS
LAYING,WALKING_UPSTAIRS
9,WALKING_UPSTAIRS
LAYING,WALKING_UPSTAIRS
9,WALKING_UPSTAIRS
LAYING,WALKING_UPSTAIRS
9,WALKING_UPSTAIRS
LAYING,WALKING_UPSTAIRS
9,WALKING_UPSTAIRS
LAYING,WALKING_UPSTAIRS
9,WALKING_UPSTAIRS
WALKING,WALKING_UPSTAIRS
9,WALKING_UPSTAIRS
WALKING,WALKING_UPSTAIRS
9,WALKING_UPSTAIRS
WALKING,WALKING_UPSTAIRS
9,WALKING_UPSTAIRS
WALKING,WALKING_UPSTAIRS
9,WALKING_UPSTAIRS
WALKING,WALKING_UPSTAIRS
9,WALKING_UPSTAIRS
WALKING,WALKING_UPSTAIRS
9,WALKING_UPSTAIRS
WALKING,WALKING_UPSTAIRS
9,WALKING_UPSTAIRS
WALKING,WALKING_UPSTAIRS
9,WALKING_UPSTAIRS
WALKING,WALKING_UPSTAIRS
9,WALKING_UPSTAIRS
WALKING,STANDING
9,STANDING
WALKING,STANDING
9,STANDING
WALKING,STANDING
9,STANDING
WALKING,STANDING
9,STANDING
WALKING,STANDING
9,STANDING
WALKING,STANDING
9,STANDING
WALKING,STANDING
9,STANDING
WALKING,STANDING
9,STANDING
WALKING,STANDING
9,STANDING
WALKING,STANDING
9,STANDING
WALKING,STANDING
9,STANDING
WALKING,STANDING
9,STANDING
WALKING,STANDING
9,STANDING
WALKING,STANDING
9,STANDING
WALKING,STANDING
9,STANDING
WALKING,SITTING
9,SITTING
WALKING,SITTING
9,SITTING
WALKING_DOWNSTAIRS,SITTING
9,SITTING
WALKING_DOWNSTAIRS,SITTING
9,SITTING
WALKING_DOWNSTAIRS,SITTING
9,SITTING
WALKING_DOWNSTAIRS,SITTING
9,SITTING
WALKING_DOWNSTAIRS,SITTING
9,SITTING
WALKING_DOWNSTAIRS,SITTING
9,SITTING
WALKING_DOWNSTAIRS,SITTING
9,SITTING
WALKING_DOWNSTAIRS,SITTING
9,SITTING
WALKING_DOWNSTAIRS,SITTING
9,SITTING
WALKING_DOWNSTAIRS,SITTING
9,SITTING
WALKING_DOWNSTAIRS,SITTING
9,LAYING
WALKING_DOWNSTAIRS,LAYING
9,LAYING
WALKING_DOWNSTAIRS,LAYING
9,LAYING
WALKING_DOWNSTAIRS,LAYING
9,LAYING
WALKING_UPSTAIRS,LAYING
9,LAYING
WALKING_UPSTAIRS,LAYING
9,LAYING
WALKING_UPSTAIRS,LAYING
9,LAYING
WALKING_UPSTAIRS,LAYING
9,LAYING
WALKING_UPSTAIRS,LAYING
9,LAYING
WALKING_UPSTAIRS,LAYING
9,LAYING
WALKING_UPSTAIRS,LAYING
9,LAYING
WALKING_UPSTAIRS,LAYING
9,LAYING
WALKING_UPSTAIRS,LAYING
9,LAYING
WALKING_UPSTAIRS,LAYING
9,LAYING
WALKING_UPSTAIRS,LAYING
9,LAYING
WALKING_UPSTAIRS,WALKING
9,WALKING
WALKING_UPSTAIRS,WALKING
9,WALKING
WALKING_UPSTAIRS,WALKING
9,WALKING
WALKING_UPSTAIRS,WALKING
9,WALKING
WALKING_UPSTAIRS,WALKING
9,WALKING
WALKING_UPSTAIRS,WALKING
9,WALKING
WALKING_UPSTAIRS,WALKING
9,WALKING
WALKING_UPSTAIRS,WALKING
9,WALKING
WALKING_UPSTAIRS,WALKING
9,WALKING
WALKING_UPSTAIRS,WALKING
9,WALKING
WALKING_UPSTAIRS,WALKING
9,WALKING
WALKING_UPSTAIRS,WALKING
9,WALKING
WALKING_DOWNSTAIRS,WALKING
9,WALKING
WALKING_DOWNSTAIRS,WALKING
9,WALKING_DOWNSTAIRS
WALKING_DOWNSTAIRS,WALKING_DOWNSTAIRS
9,WALKING_DOWNSTAIRS
WALKING_DOWNSTAIRS,WALKING_DOWNSTAIRS
9,WALKING_DOWNSTAIRS
WALKING_DOWNSTAIRS,WALKING_DOWNSTAIRS
9,WALKING_DOWNSTAIRS
WALKING_DOWNSTAIRS,WALKING_DOWNSTAIRS
9,WALKING_DOWNSTAIRS
WALKING_DOWNSTAIRS,WALKING_DOWNSTAIRS
10,WALKING_DOWNSTAIRS
STANDING,WALKING_DOWNSTAIRS
10,WALKING_DOWNSTAIRS
STANDING,WALKING_DOWNSTAIRS
10,WALKING_DOWNSTAIRS
STANDING,WALKING_DOWNSTAIRS
10,WALKING_DOWNSTAIRS
STANDING,WALKING_DOWNSTAIRS
10,WALKING_DOWNSTAIRS
STANDING,WALKING_DOWNSTAIRS
10,WALKING_UPSTAIRS
STANDING,WALKING_UPSTAIRS
10,WALKING_UPSTAIRS
STANDING,WALKING_UPSTAIRS
10,WALKING_UPSTAIRS
STANDING,WALKING_UPSTAIRS
10,WALKING_UPSTAIRS
STANDING,WALKING_UPSTAIRS
10,WALKING_UPSTAIRS
STANDING,WALKING_UPSTAIRS
10,WALKING_UPSTAIRS
STANDING,WALKING_UPSTAIRS
10,WALKING_UPSTAIRS
STANDING,WALKING_UPSTAIRS
10,WALKING_UPSTAIRS
STANDING,WALKING_UPSTAIRS
10,WALKING_UPSTAIRS
STANDING,WALKING_UPSTAIRS
10,WALKING_UPSTAIRS
STANDING,WALKING_UPSTAIRS
10,WALKING_UPSTAIRS
STANDING,WALKING_UPSTAIRS
10,WALKING_UPSTAIRS
STANDING,WALKING_UPSTAIRS
10,STANDING
STANDING,STANDING
10,STANDING
STANDING,STANDING
10,STANDING
STANDING,STANDING
10,STANDING
STANDING,STANDING
10,STANDING
STANDING,STANDING
10,STANDING
STANDING,STANDING
10,STANDING
SITTING,STANDING
10,STANDING
SITTING,STANDING
10,STANDING
SITTING,STANDING
10,STANDING
SITTING,STANDING
10,STANDING
SITTING,STANDING
10,STANDING
SITTING,STANDING
10,STANDING
SITTING,STANDING
10,STANDING
SITTING,STANDING
10,STANDING
SITTING,STANDING
10,STANDING
SITTING,STANDING
10,STANDING
SITTING,STANDING
10,STANDING
SITTING,STANDING
10,STANDING
SITTING,STANDING
10,STANDING
SITTING,STANDING
10,SITTING
SITTING,SITTING
10,SITTING
SITTING,SITTING
10,SITTING
SITTING,SITTING
10,SITTING
SITTING,SITTING
10,SITTING
SITTING,SITTING
10,SITTING
SITTING,SITTING
10,SITTING
SITTING,SITTING
10,SITTING
SITTING,SITTING
10,SITTING
SITTING,SITTING
10,SITTING
SITTING,SITTING
10,SITTING
LAYING,SITTING
10,SITTING
LAYING,SITTING
10,SITTING
LAYING,SITTING
10,SITTING
LAYING,SITTING
10,SITTING
LAYING,SITTING
10,LAYING
LAYING,LAYING
10,LAYING
LAYING,LAYING
10,LAYING
LAYING,LAYING
10,LAYING
LAYING,LAYING
10,LAYING
LAYING,LAYING
10,LAYING
LAYING,LAYING
10,LAYING
LAYING,LAYING
10,LAYING
LAYING,LAYING
10,LAYING
LAYING,LAYING
10,LAYING
LAYING,LAYING
10,LAYING
LAYING,LAYING
10,LAYING
LAYING,LAYING
10,LAYING
LAYING,LAYING
10,LAYING
LAYING,LAYING
10,LAYING
LAYING,LAYING
10,LAYING
LAYING,LAYING
10,WALKING
LAYING,WALKING
10,WALKING
LAYING,WALKING
10,WALKING
LAYING,WALKING
10,WALKING
LAYING,WALKING
10,WALKING
LAYING,WALKING
10,WALKING
LAYING,WALKING
10,WALKING
LAYING,WALKING
10,WALKING
LAYING,WALKING
10,WALKING
LAYING,WALKING
10,WALKING
LAYING,WALKING
10,WALKING
WALKING,WALKING
10,WALKING
WALKING,WALKING
10,WALKING
WALKING,WALKING
10,WALKING
WALKING,WALKING
10,WALKING
WALKING,WALKING_UPSTAIRS
10,WALKING_UPSTAIRS
WALKING,WALKING_DOWNSTAIRS
10,WALKING_DOWNSTAIRS
WALKING,WALKING_DOWNSTAIRS
10,WALKING_DOWNSTAIRS
WALKING,WALKING_DOWNSTAIRS
10,WALKING_DOWNSTAIRS
WALKING,WALKING_DOWNSTAIRS
10,WALKING_DOWNSTAIRS
WALKING,WALKING_UPSTAIRS
10,WALKING_UPSTAIRS
WALKING,WALKING_UPSTAIRS
10,WALKING_UPSTAIRS
WALKING,WALKING_UPSTAIRS
10,WALKING_UPSTAIRS
WALKING,WALKING_UPSTAIRS
10,WALKING_UPSTAIRS
WALKING,WALKING_UPSTAIRS
10,WALKING_UPSTAIRS
WALKING,WALKING_UPSTAIRS
10,WALKING_DOWNSTAIRS
WALKING,WALKING_DOWNSTAIRS
10,WALKING_DOWNSTAIRS
WALKING,WALKING_DOWNSTAIRS
10,WALKING_DOWNSTAIRS
WALKING,WALKING_DOWNSTAIRS
10,WALKING_DOWNSTAIRS
WALKING,WALKING_DOWNSTAIRS
10,WALKING_UPSTAIRS
WALKING,WALKING_UPSTAIRS
10,WALKING_UPSTAIRS
WALKING,WALKING_UPSTAIRS
10,WALKING_UPSTAIRS
WALKING,WALKING_UPSTAIRS
10,WALKING_UPSTAIRS
WALKING,WALKING_UPSTAIRS
10,WALKING_UPSTAIRS
WALKING,WALKING_UPSTAIRS
10,WALKING_DOWNSTAIRS
WALKING,WALKING_DOWNSTAIRS
10,WALKING_UPSTAIRS
WALKING,WALKING_DOWNSTAIRS
10,WALKING_DOWNSTAIRS
WALKING,WALKING_DOWNSTAIRS
10,WALKING_DOWNSTAIRS
WALKING_DOWNSTAIRS,WALKING_DOWNSTAIRS
10,WALKING_UPSTAIRS
WALKING_DOWNSTAIRS,WALKING_UPSTAIRS
10,WALKING_UPSTAIRS
WALKING_DOWNSTAIRS,WALKING_UPSTAIRS
10,WALKING_UPSTAIRS
WALKING_DOWNSTAIRS,WALKING_UPSTAIRS
10,WALKING_UPSTAIRS
WALKING_DOWNSTAIRS,WALKING_UPSTAIRS
10,WALKING_UPSTAIRS
WALKING_DOWNSTAIRS,WALKING_UPSTAIRS
10,STANDING
WALKING_DOWNSTAIRS,STANDING
10,STANDING
WALKING_DOWNSTAIRS,STANDING
10,STANDING
WALKING_DOWNSTAIRS,STANDING
10,STANDING
WALKING_DOWNSTAIRS,STANDING
10,STANDING
WALKING_DOWNSTAIRS,STANDING
10,STANDING
WALKING_DOWNSTAIRS,STANDING
10,STANDING
WALKING_DOWNSTAIRS,STANDING
10,STANDING
WALKING_DOWNSTAIRS,STANDING
10,STANDING
WALKING_DOWNSTAIRS,STANDING
10,STANDING
WALKING_DOWNSTAIRS,STANDING
10,STANDING
WALKING_DOWNSTAIRS,STANDING
10,STANDING
WALKING_DOWNSTAIRS,STANDING
10,STANDING
WALKING_DOWNSTAIRS,STANDING
10,STANDING
WALKING_UPSTAIRS,STANDING
10,STANDING
WALKING_UPSTAIRS,STANDING
10,STANDING
WALKING_UPSTAIRS,STANDING
10,STANDING
WALKING_UPSTAIRS,SITTING
10,SITTING
WALKING_UPSTAIRS,SITTING
10,SITTING
WALKING_UPSTAIRS,SITTING
10,SITTING
WALKING_UPSTAIRS,SITTING
10,SITTING
WALKING_UPSTAIRS,SITTING
10,SITTING
WALKING_UPSTAIRS,SITTING
10,SITTING
WALKING_UPSTAIRS,SITTING
10,SITTING
WALKING_UPSTAIRS,SITTING
10,SITTING
WALKING_UPSTAIRS,STANDING
10,STANDING
WALKING_UPSTAIRS,SITTING
10,SITTING
WALKING_UPSTAIRS,SITTING
10,SITTING
WALKING_UPSTAIRS,SITTING
10,SITTING
WALKING_UPSTAIRS,SITTING
10,SITTING
WALKING_UPSTAIRS,SITTING
10,LAYING
WALKING_UPSTAIRS,LAYING
10,LAYING
WALKING_UPSTAIRS,LAYING
10,LAYING
WALKING_UPSTAIRS,LAYING
10,LAYING
WALKING_UPSTAIRS,LAYING
10,LAYING
WALKING_UPSTAIRS,LAYING
10,LAYING
WALKING_UPSTAIRS,LAYING
10,LAYING
STANDING,LAYING
10,LAYING
STANDING,LAYING
10,LAYING
STANDING,LAYING
10,LAYING
STANDING,LAYING
10,LAYING
STANDING,LAYING
10,LAYING
STANDING,LAYING
10,LAYING
STANDING,LAYING
10,LAYING
STANDING,LAYING
10,LAYING
STANDING,LAYING
10,LAYING
STANDING,LAYING
10,LAYING
STANDING,WALKING
10,WALKING
STANDING,WALKING
10,WALKING
STANDING,WALKING
10,WALKING
STANDING,WALKING
10,WALKING
STANDING,WALKING
10,WALKING
STANDING,WALKING
10,WALKING
STANDING,WALKING
10,WALKING
STANDING,WALKING
10,WALKING
STANDING,WALKING
10,WALKING
STANDING,WALKING
10,WALKING
STANDING,WALKING
10,WALKING
SITTING,WALKING
10,WALKING
SITTING,WALKING
10,WALKING
SITTING,WALKING
10,WALKING_DOWNSTAIRS
SITTING,WALKING_DOWNSTAIRS
10,WALKING_DOWNSTAIRS
SITTING,WALKING_DOWNSTAIRS
10,WALKING_DOWNSTAIRS
SITTING,WALKING_DOWNSTAIRS
10,WALKING_DOWNSTAIRS
SITTING,WALKING_DOWNSTAIRS
10,WALKING_DOWNSTAIRS
SITTING,WALKING_DOWNSTAIRS
10,WALKING_DOWNSTAIRS
SITTING,WALKING_UPSTAIRS
10,WALKING_UPSTAIRS
SITTING,WALKING_UPSTAIRS
10,WALKING_UPSTAIRS
SITTING,WALKING_DOWNSTAIRS
10,WALKING_DOWNSTAIRS
SITTING,WALKING_DOWNSTAIRS
10,WALKING_UPSTAIRS
SITTING,WALKING_UPSTAIRS
10,WALKING_UPSTAIRS
SITTING,WALKING_UPSTAIRS
10,WALKING_UPSTAIRS
SITTING,WALKING_UPSTAIRS
10,WALKING_UPSTAIRS
SITTING,WALKING_UPSTAIRS
10,WALKING_UPSTAIRS
SITTING,WALKING_UPSTAIRS
10,WALKING_UPSTAIRS
SITTING,WALKING_UPSTAIRS
10,WALKING_UPSTAIRS
SITTING,WALKING_UPSTAIRS
10,WALKING_UPSTAIRS
SITTING,WALKING_UPSTAIRS
10,WALKING_UPSTAIRS
SITTING,WALKING_UPSTAIRS
10,WALKING_UPSTAIRS
SITTING,WALKING_UPSTAIRS
10,WALKING_UPSTAIRS
SITTING,WALKING_UPSTAIRS
10,WALKING_UPSTAIRS
SITTING,WALKING_UPSTAIRS
10,WALKING_UPSTAIRS
SITTING,WALKING_UPSTAIRS
10,WALKING_UPSTAIRS
SITTING,WALKING_UPSTAIRS
10,WALKING_UPSTAIRS
SITTING,WALKING_DOWNSTAIRS
10,WALKING_DOWNSTAIRS
SITTING,WALKING_DOWNSTAIRS
10,WALKING_DOWNSTAIRS
SITTING,WALKING_DOWNSTAIRS
10,WALKING_UPSTAIRS
SITTING,WALKING_UPSTAIRS
10,WALKING_DOWNSTAIRS
LAYING,WALKING_DOWNSTAIRS
10,STANDING
LAYING,STANDING
10,STANDING
LAYING,STANDING
10,STANDING
LAYING,STANDING
10,STANDING
LAYING,STANDING
10,STANDING
LAYING,STANDING
10,STANDING
LAYING,STANDING
10,STANDING
LAYING,STANDING
10,STANDING
LAYING,STANDING
10,STANDING
LAYING,STANDING
10,STANDING
LAYING,STANDING
10,WALKING
LAYING,STANDING
10,STANDING
LAYING,STANDING
10,STANDING
LAYING,STANDING
10,STANDING
LAYING,STANDING
10,STANDING
LAYING,STANDING
10,STANDING
LAYING,STANDING
10,STANDING
LAYING,STANDING
10,STANDING
LAYING,STANDING
10,STANDING
LAYING,STANDING
10,SITTING
LAYING,SITTING
10,SITTING
LAYING,SITTING
10,SITTING
LAYING,SITTING
10,SITTING
LAYING,SITTING
10,SITTING
LAYING,SITTING
10,SITTING
LAYING,SITTING
10,SITTING
LAYING,SITTING
10,SITTING
WALKING,SITTING
10,SITTING
WALKING,SITTING
10,SITTING
WALKING,SITTING
10,SITTING
WALKING,SITTING
10,SITTING
WALKING,SITTING
10,SITTING
WALKING,STANDING
10,SITTING
WALKING,SITTING
10,SITTING
WALKING,SITTING
10,SITTING
WALKING,SITTING
10,SITTING
WALKING,SITTING
10,SITTING
WALKING,SITTING
10,LAYING
WALKING,LAYING
10,LAYING
WALKING,LAYING
10,LAYING
WALKING,LAYING
10,LAYING
WALKING,LAYING
10,LAYING
WALKING,LAYING
10,LAYING
WALKING,LAYING
10,LAYING
WALKING,LAYING
10,LAYING
WALKING,LAYING
10,LAYING
WALKING,LAYING
10,LAYING
WALKING,LAYING
10,LAYING
WALKING,LAYING
10,LAYING
WALKING,LAYING
10,LAYING
WALKING,LAYING
10,LAYING
WALKING,LAYING
10,LAYING
WALKING,LAYING
10,LAYING
WALKING_DOWNSTAIRS,WALKING
10,WALKING
WALKING_DOWNSTAIRS,WALKING
10,WALKING
WALKING_DOWNSTAIRS,WALKING
10,WALKING
WALKING_DOWNSTAIRS,WALKING
10,WALKING
WALKING_DOWNSTAIRS,WALKING
10,WALKING
WALKING_DOWNSTAIRS,WALKING
10,WALKING
WALKING_DOWNSTAIRS,WALKING
10,WALKING
WALKING_DOWNSTAIRS,WALKING
10,WALKING
WALKING_DOWNSTAIRS,WALKING
10,WALKING
WALKING_DOWNSTAIRS,WALKING
10,WALKING
WALKING_DOWNSTAIRS,WALKING
10,WALKING
WALKING_DOWNSTAIRS,WALKING
10,WALKING
WALKING_DOWNSTAIRS,WALKING
10,WALKING
WALKING_DOWNSTAIRS,WALKING
10,WALKING_DOWNSTAIRS
WALKING_DOWNSTAIRS,WALKING_DOWNSTAIRS
10,WALKING_DOWNSTAIRS
WALKING_DOWNSTAIRS,WALKING_DOWNSTAIRS
10,WALKING_DOWNSTAIRS
WALKING_DOWNSTAIRS,WALKING_DOWNSTAIRS
10,WALKING_DOWNSTAIRS
WALKING_DOWNSTAIRS,WALKING_DOWNSTAIRS
10,WALKING_DOWNSTAIRS
WALKING_DOWNSTAIRS,WALKING_DOWNSTAIRS
10,WALKING_DOWNSTAIRS
WALKING_UPSTAIRS,WALKING_DOWNSTAIRS
10,WALKING_DOWNSTAIRS
WALKING_UPSTAIRS,WALKING_DOWNSTAIRS
10,WALKING_DOWNSTAIRS
WALKING_UPSTAIRS,WALKING_DOWNSTAIRS
10,WALKING_UPSTAIRS
WALKING_UPSTAIRS,WALKING_DOWNSTAIRS
10,WALKING_DOWNSTAIRS
WALKING_UPSTAIRS,WALKING_DOWNSTAIRS
10,WALKING_DOWNSTAIRS
WALKING_UPSTAIRS,WALKING_DOWNSTAIRS
10,WALKING_UPSTAIRS
WALKING_UPSTAIRS,WALKING_UPSTAIRS
10,WALKING_UPSTAIRS
WALKING_UPSTAIRS,WALKING_UPSTAIRS
10,WALKING_UPSTAIRS
WALKING_UPSTAIRS,WALKING_UPSTAIRS
10,WALKING_UPSTAIRS
WALKING_UPSTAIRS,WALKING_UPSTAIRS
10,WALKING_UPSTAIRS
WALKING_UPSTAIRS,WALKING_UPSTAIRS
10,WALKING_UPSTAIRS
WALKING_UPSTAIRS,WALKING_UPSTAIRS
10,WALKING_UPSTAIRS
WALKING_UPSTAIRS,WALKING_UPSTAIRS
10,WALKING_UPSTAIRS
WALKING_UPSTAIRS,WALKING_UPSTAIRS
10,WALKING_UPSTAIRS
WALKING_UPSTAIRS,WALKING_UPSTAIRS
10,WALKING_UPSTAIRS
WALKING_UPSTAIRS,WALKING_UPSTAIRS
10,WALKING_UPSTAIRS
WALKING_UPSTAIRS,WALKING_UPSTAIRS
10,WALKING_UPSTAIRS
WALKING_UPSTAIRS,WALKING_UPSTAIRS
10,WALKING_UPSTAIRS
WALKING_UPSTAIRS,WALKING_UPSTAIRS
10,STANDING
WALKING_UPSTAIRS,STANDING
10,STANDING
WALKING_UPSTAIRS,STANDING
10,STANDING
WALKING_UPSTAIRS,STANDING
10,STANDING
WALKING_UPSTAIRS,STANDING
10,STANDING
WALKING_UPSTAIRS,STANDING
12,STANDING
STANDING,STANDING
12,STANDING
STANDING,STANDING
12,STANDING
STANDING,STANDING
12,STANDING
STANDING,STANDING
12,STANDING
STANDING,STANDING
12,STANDING
STANDING,STANDING
12,STANDING
STANDING,STANDING
12,STANDING
STANDING,STANDING
12,STANDING
STANDING,STANDING
12,STANDING
STANDING,STANDING
12,STANDING
STANDING,STANDING
12,STANDING
STANDING,STANDING
12,STANDING
STANDING,SITTING
12,SITTING
STANDING,STANDING
12,STANDING
STANDING,SITTING
12,SITTING
STANDING,SITTING
12,SITTING
STANDING,SITTING
12,SITTING
STANDING,SITTING
12,SITTING
STANDING,SITTING
12,SITTING
STANDING,SITTING
12,SITTING
STANDING,SITTING
12,SITTING
STANDING,SITTING
12,SITTING
STANDING,SITTING
12,SITTING
STANDING,SITTING
12,SITTING
STANDING,SITTING
12,SITTING
STANDING,SITTING
12,SITTING
STANDING,SITTING
12,SITTING
SITTING,LAYING
12,LAYING
SITTING,LAYING
12,LAYING
SITTING,LAYING
12,LAYING
SITTING,LAYING
12,LAYING
SITTING,LAYING
12,LAYING
SITTING,LAYING
12,LAYING
SITTING,LAYING
12,LAYING
SITTING,LAYING
12,LAYING
SITTING,LAYING
12,LAYING
SITTING,LAYING
12,LAYING
SITTING,LAYING
12,LAYING
SITTING,LAYING
12,LAYING
SITTING,LAYING
12,LAYING
SITTING,LAYING
12,LAYING
SITTING,LAYING
12,LAYING
SITTING,LAYING
12,LAYING
SITTING,LAYING
12,LAYING
SITTING,LAYING
12,LAYING
SITTING,LAYING
12,WALKING
SITTING,WALKING
12,WALKING
SITTING,WALKING
12,WALKING
SITTING,WALKING
12,WALKING
SITTING,WALKING
12,WALKING
SITTING,WALKING_UPSTAIRS
12,WALKING
SITTING,WALKING
12,WALKING
SITTING,WALKING
12,WALKING
SITTING,WALKING
12,WALKING
SITTING,WALKING
12,WALKING
LAYING,WALKING
12,WALKING
LAYING,WALKING
12,WALKING
LAYING,WALKING
12,WALKING_UPSTAIRS
LAYING,WALKING_DOWNSTAIRS
12,WALKING_DOWNSTAIRS
LAYING,WALKING_DOWNSTAIRS
12,WALKING_DOWNSTAIRS
LAYING,WALKING_DOWNSTAIRS
12,WALKING_DOWNSTAIRS
LAYING,WALKING_UPSTAIRS
12,WALKING_UPSTAIRS
LAYING,WALKING_UPSTAIRS
12,WALKING_DOWNSTAIRS
LAYING,WALKING_DOWNSTAIRS
12,WALKING_DOWNSTAIRS
LAYING,WALKING_UPSTAIRS
12,WALKING_DOWNSTAIRS
LAYING,WALKING_UPSTAIRS
12,WALKING_UPSTAIRS
LAYING,WALKING_DOWNSTAIRS
12,WALKING_DOWNSTAIRS
LAYING,WALKING_UPSTAIRS
12,WALKING_UPSTAIRS
LAYING,WALKING_DOWNSTAIRS
12,WALKING_DOWNSTAIRS
LAYING,WALKING_UPSTAIRS
12,WALKING_UPSTAIRS
LAYING,WALKING_UPSTAIRS
12,WALKING_UPSTAIRS
LAYING,WALKING_UPSTAIRS
12,WALKING_UPSTAIRS
LAYING,WALKING_UPSTAIRS
12,WALKING_UPSTAIRS
LAYING,WALKING_UPSTAIRS
12,WALKING_UPSTAIRS
LAYING,WALKING_UPSTAIRS
12,WALKING_UPSTAIRS
LAYING,WALKING_UPSTAIRS
12,WALKING_UPSTAIRS
LAYING,WALKING_UPSTAIRS
12,WALKING_UPSTAIRS
LAYING,WALKING_UPSTAIRS
12,WALKING_UPSTAIRS
LAYING,WALKING_UPSTAIRS
12,WALKING_UPSTAIRS
LAYING,WALKING_UPSTAIRS
12,WALKING_UPSTAIRS
LAYING,WALKING_UPSTAIRS
12,WALKING_UPSTAIRS
LAYING,WALKING_UPSTAIRS
12,STANDING
WALKING,STANDING
12,STANDING
WALKING,STANDING
12,STANDING
WALKING,STANDING
12,STANDING
WALKING,STANDING
12,STANDING
WALKING,STANDING
12,STANDING
WALKING,STANDING
12,STANDING
WALKING,STANDING
12,STANDING
WALKING,STANDING
12,STANDING
WALKING,STANDING
12,STANDING
WALKING,STANDING
12,STANDING
WALKING,STANDING
12,STANDING
WALKING,STANDING
12,STANDING
WALKING,STANDING
12,STANDING
WALKING,STANDING
12,STANDING
WALKING,STANDING
12,STANDING
WALKING,STANDING
12,STANDING
WALKING,SITTING
12,SITTING
WALKING,SITTING
12,SITTING
WALKING,SITTING
12,SITTING
WALKING,SITTING
12,SITTING
WALKING,SITTING
12,SITTING
WALKING,SITTING
12,SITTING
WALKING,SITTING
12,SITTING
WALKING,SITTING
12,SITTING
WALKING,SITTING
12,SITTING
WALKING,SITTING
12,SITTING
WALKING,SITTING
12,SITTING
WALKING_DOWNSTAIRS,SITTING
12,SITTING
WALKING_DOWNSTAIRS,SITTING
12,SITTING
WALKING_DOWNSTAIRS,SITTING
12,SITTING
WALKING_DOWNSTAIRS,SITTING
12,SITTING
WALKING_DOWNSTAIRS,SITTING
12,SITTING
WALKING_DOWNSTAIRS,SITTING
12,SITTING
WALKING_DOWNSTAIRS,LAYING
12,LAYING
WALKING_DOWNSTAIRS,LAYING
12,LAYING
WALKING_DOWNSTAIRS,LAYING
12,LAYING
WALKING_DOWNSTAIRS,LAYING
12,LAYING
WALKING_DOWNSTAIRS,LAYING
12,LAYING
WALKING_DOWNSTAIRS,LAYING
12,LAYING
WALKING_DOWNSTAIRS,LAYING
12,LAYING
WALKING_DOWNSTAIRS,LAYING
12,LAYING
WALKING_DOWNSTAIRS,LAYING
12,LAYING
WALKING_DOWNSTAIRS,LAYING
12,LAYING
WALKING_DOWNSTAIRS,LAYING
12,LAYING
WALKING_DOWNSTAIRS,LAYING
12,LAYING
WALKING_DOWNSTAIRS,LAYING
12,LAYING
WALKING_DOWNSTAIRS,LAYING
12,LAYING
WALKING_DOWNSTAIRS,LAYING
12,LAYING
WALKING_DOWNSTAIRS,LAYING
12,LAYING
WALKING_DOWNSTAIRS,LAYING
12,LAYING
WALKING_DOWNSTAIRS,LAYING
12,LAYING
WALKING_DOWNSTAIRS,WALKING
12,WALKING
WALKING_UPSTAIRS,WALKING
12,WALKING
WALKING_UPSTAIRS,WALKING
12,WALKING
WALKING_UPSTAIRS,WALKING
12,WALKING
WALKING_UPSTAIRS,WALKING
12,WALKING
WALKING_UPSTAIRS,WALKING
12,WALKING
WALKING_UPSTAIRS,WALKING
12,WALKING
WALKING_UPSTAIRS,WALKING
12,WALKING
WALKING_UPSTAIRS,WALKING
12,WALKING
WALKING_UPSTAIRS,WALKING
12,WALKING
WALKING_UPSTAIRS,WALKING
12,WALKING
WALKING_UPSTAIRS,WALKING
12,WALKING
WALKING_UPSTAIRS,WALKING
12,WALKING
WALKING_UPSTAIRS,WALKING
12,WALKING
WALKING_UPSTAIRS,WALKING_DOWNSTAIRS
12,WALKING_DOWNSTAIRS
WALKING_UPSTAIRS,WALKING_DOWNSTAIRS
12,WALKING_DOWNSTAIRS
WALKING_UPSTAIRS,WALKING_DOWNSTAIRS
12,WALKING_DOWNSTAIRS
WALKING_UPSTAIRS,WALKING_DOWNSTAIRS
12,WALKING_DOWNSTAIRS
WALKING_UPSTAIRS,WALKING_DOWNSTAIRS
12,WALKING_DOWNSTAIRS
WALKING_UPSTAIRS,WALKING_DOWNSTAIRS
12,WALKING_DOWNSTAIRS
WALKING_UPSTAIRS,WALKING_DOWNSTAIRS
12,WALKING_DOWNSTAIRS
WALKING_UPSTAIRS,WALKING_DOWNSTAIRS
12,WALKING_DOWNSTAIRS
WALKING_UPSTAIRS,WALKING_DOWNSTAIRS
12,WALKING_DOWNSTAIRS
WALKING_UPSTAIRS,WALKING_DOWNSTAIRS
12,WALKING_DOWNSTAIRS
WALKING_UPSTAIRS,WALKING_DOWNSTAIRS
12,WALKING_DOWNSTAIRS
WALKING_UPSTAIRS,WALKING_DOWNSTAIRS
12,WALKING_DOWNSTAIRS
WALKING_UPSTAIRS,WALKING_DOWNSTAIRS
12,WALKING_DOWNSTAIRS
WALKING_UPSTAIRS,WALKING_DOWNSTAIRS
12,WALKING_UPSTAIRS
STANDING,WALKING_UPSTAIRS
12,WALKING_UPSTAIRS
STANDING,WALKING_UPSTAIRS
12,WALKING_UPSTAIRS
STANDING,WALKING_UPSTAIRS
12,WALKING_UPSTAIRS
STANDING,WALKING_UPSTAIRS
12,WALKING_UPSTAIRS
STANDING,WALKING_UPSTAIRS
12,WALKING_UPSTAIRS
STANDING,WALKING_UPSTAIRS
12,WALKING_UPSTAIRS
STANDING,WALKING_UPSTAIRS
12,WALKING_UPSTAIRS
STANDING,WALKING_UPSTAIRS
12,WALKING_UPSTAIRS
STANDING,WALKING_UPSTAIRS
12,WALKING_UPSTAIRS
STANDING,WALKING_UPSTAIRS
12,WALKING_UPSTAIRS
STANDING,WALKING_UPSTAIRS
12,WALKING_UPSTAIRS
STANDING,WALKING_UPSTAIRS
12,WALKING_UPSTAIRS
STANDING,WALKING_UPSTAIRS
12,WALKING_UPSTAIRS
STANDING,WALKING_UPSTAIRS
12,WALKING_UPSTAIRS
STANDING,STANDING
12,STANDING
STANDING,STANDING
12,STANDING
STANDING,STANDING
12,STANDING
STANDING,STANDING
12,STANDING
STANDING,STANDING
12,STANDING
STANDING,STANDING
12,STANDING
STANDING,STANDING
12,STANDING
STANDING,STANDING
12,STANDING
STANDING,STANDING
12,STANDING
STANDING,STANDING
12,STANDING
STANDING,STANDING
12,STANDING
STANDING,STANDING
12,STANDING
STANDING,STANDING
12,STANDING
STANDING,STANDING
12,STANDING
STANDING,STANDING
12,STANDING
STANDING,STANDING
12,STANDING
STANDING,STANDING
12,STANDING
STANDING,STANDING
12,STANDING
STANDING,SITTING
12,SITTING
STANDING,SITTING
12,SITTING
SITTING,SITTING
12,SITTING
SITTING,SITTING
12,SITTING
SITTING,SITTING
12,SITTING
SITTING,SITTING
12,SITTING
SITTING,SITTING
12,SITTING
SITTING,SITTING
12,SITTING
SITTING,SITTING
12,SITTING
SITTING,SITTING
12,SITTING
SITTING,SITTING
12,SITTING
SITTING,SITTING
12,SITTING
SITTING,SITTING
12,SITTING
SITTING,SITTING
12,SITTING
SITTING,SITTING
12,SITTING
SITTING,SITTING
12,SITTING
SITTING,SITTING
12,SITTING
SITTING,LAYING
12,LAYING
SITTING,LAYING
12,LAYING
SITTING,LAYING
12,LAYING
SITTING,LAYING
12,LAYING
SITTING,LAYING
12,LAYING
SITTING,LAYING
12,LAYING
SITTING,LAYING
12,LAYING
SITTING,LAYING
12,LAYING
LAYING,LAYING
12,LAYING
LAYING,LAYING
12,LAYING
LAYING,LAYING
12,LAYING
LAYING,LAYING
12,LAYING
LAYING,LAYING
12,LAYING
LAYING,LAYING
12,LAYING
LAYING,LAYING
12,LAYING
LAYING,LAYING
12,LAYING
LAYING,LAYING
12,LAYING
LAYING,LAYING
12,LAYING
LAYING,WALKING
12,WALKING
LAYING,WALKING
12,WALKING
LAYING,WALKING
12,WALKING
LAYING,WALKING
12,WALKING
LAYING,WALKING
12,WALKING
LAYING,WALKING
12,WALKING
LAYING,WALKING
12,WALKING
LAYING,WALKING
12,WALKING
LAYING,WALKING
12,WALKING
LAYING,WALKING
12,WALKING
LAYING,WALKING
12,WALKING
LAYING,WALKING
12,WALKING
LAYING,WALKING
12,WALKING
LAYING,WALKING
12,WALKING
LAYING,WALKING
12,WALKING
LAYING,WALKING_DOWNSTAIRS
12,WALKING_DOWNSTAIRS
LAYING,WALKING_DOWNSTAIRS
12,WALKING_DOWNSTAIRS
LAYING,WALKING_DOWNSTAIRS
12,WALKING_DOWNSTAIRS
LAYING,WALKING_DOWNSTAIRS
12,WALKING_DOWNSTAIRS
LAYING,WALKING_DOWNSTAIRS
12,WALKING_DOWNSTAIRS
LAYING,WALKING_DOWNSTAIRS
12,WALKING_DOWNSTAIRS
LAYING,WALKING_DOWNSTAIRS
12,WALKING_DOWNSTAIRS
LAYING,WALKING_DOWNSTAIRS
12,WALKING_DOWNSTAIRS
WALKING,WALKING_DOWNSTAIRS
12,WALKING_DOWNSTAIRS
WALKING,WALKING_DOWNSTAIRS
12,WALKING_UPSTAIRS
WALKING,WALKING_UPSTAIRS
12,WALKING_UPSTAIRS
WALKING,WALKING_UPSTAIRS
12,WALKING_UPSTAIRS
WALKING,WALKING_UPSTAIRS
12,WALKING_UPSTAIRS
WALKING,WALKING_UPSTAIRS
12,WALKING_UPSTAIRS
WALKING,WALKING_UPSTAIRS
12,WALKING_UPSTAIRS
WALKING,WALKING_UPSTAIRS
12,WALKING_UPSTAIRS
WALKING,WALKING_UPSTAIRS
12,WALKING_UPSTAIRS
WALKING,WALKING_UPSTAIRS
12,WALKING_UPSTAIRS
WALKING,WALKING_UPSTAIRS
12,WALKING_UPSTAIRS
WALKING,WALKING_UPSTAIRS
12,WALKING_DOWNSTAIRS
WALKING,WALKING_DOWNSTAIRS
12,WALKING_DOWNSTAIRS
WALKING,WALKING_DOWNSTAIRS
12,WALKING_DOWNSTAIRS
WALKING,WALKING_DOWNSTAIRS
12,WALKING_DOWNSTAIRS
WALKING,WALKING_DOWNSTAIRS
12,WALKING_DOWNSTAIRS
WALKING,WALKING_UPSTAIRS
12,WALKING_UPSTAIRS
WALKING,WALKING_UPSTAIRS
12,WALKING_UPSTAIRS
WALKING,WALKING_UPSTAIRS
12,WALKING_UPSTAIRS
WALKING,WALKING_UPSTAIRS
12,WALKING_UPSTAIRS
WALKING,WALKING_UPSTAIRS
12,WALKING_UPSTAIRS
WALKING,
12,
WALKING,
12,
WALKING_DOWNSTAIRS,
12,
WALKING_DOWNSTAIRS,
12,
WALKING_DOWNSTAIRS,
12,
WALKING_DOWNSTAIRS,
12,
WALKING_DOWNSTAIRS,
12,
WALKING_DOWNSTAIRS,
12,
WALKING_DOWNSTAIRS,
12,
WALKING_DOWNSTAIRS,
12,
WALKING_DOWNSTAIRS,
12,
WALKING_DOWNSTAIRS,
12,
WALKING_DOWNSTAIRS,
12,
WALKING_DOWNSTAIRS,
12,
WALKING_DOWNSTAIRS,
12,
WALKING_DOWNSTAIRS,
12,
WALKING_DOWNSTAIRS,
12,
WALKING_DOWNSTAIRS,
12,
WALKING_DOWNSTAIRS,
12,
WALKING_DOWNSTAIRS,
12,
WALKING_DOWNSTAIRS,
12,
WALKING_DOWNSTAIRS,
12,
WALKING_DOWNSTAIRS,
12,
WALKING_UPSTAIRS,
12,
WALKING_UPSTAIRS,
12,
WALKING_UPSTAIRS,
12,
WALKING_UPSTAIRS,
12,
WALKING_UPSTAIRS,
12,
WALKING_UPSTAIRS,
12,
WALKING_UPSTAIRS,
12,
WALKING_UPSTAIRS,
12,
WALKING_UPSTAIRS,
12,
WALKING_UPSTAIRS,
12,
WALKING_UPSTAIRS,
12,
WALKING_UPSTAIRS,
12,
WALKING_UPSTAIRS,
12,
WALKING_UPSTAIRS,
12,
WALKING_UPSTAIRS,
12,
WALKING_UPSTAIRS,
12,
WALKING_UPSTAIRS,
12,
WALKING_UPSTAIRS,
12,
WALKING_UPSTAIRS,
12,
WALKING_UPSTAIRS,
12,
WALKING_UPSTAIRS,
12,
WALKING_UPSTAIRS,
12,
WALKING_UPSTAIRS,
12,
WALKING_UPSTAIRS,
12,
WALKING_UPSTAIRS,
13,
STANDING,
13,
STANDING,
13,
STANDING,
13,
STANDING,
13,
STANDING,
13,
STANDING,
13,
STANDING,
13,
STANDING,
13,
STANDING,
13,
STANDING,
13,
STANDING,
13,
STANDING,
13,
STANDING,
13,
STANDING,
13,
STANDING,
13,
STANDING,
13,
STANDING,
13,
STANDING,
13,
STANDING,
13,
STANDING,
13,
STANDING,
13,
STANDING,
13,
STANDING,
13,
STANDING,
13,
STANDING,
13,
STANDING,
13,
STANDING,
13,
SITTING,
13,
SITTING,
13,
SITTING,
13,
SITTING,
13,
SITTING,
13,
SITTING,
13,
SITTING,
13,
SITTING,
13,
SITTING,
13,
SITTING,
13,
SITTING,
13,
SITTING,
13,
SITTING,
13,
SITTING,
13,
SITTING,
13,
SITTING,
13,
SITTING,
13,
SITTING,
13,
SITTING,
13,
SITTING,
13,
SITTING,
13,
SITTING,
13,
SITTING,
13,
SITTING,
13,
LAYING,
13,
LAYING,
13,
LAYING,
13,
LAYING,
13,
LAYING,
13,
LAYING,
13,
LAYING,
13,
LAYING,
13,
LAYING,
13,
LAYING,
13,
LAYING,
13,
LAYING,
13,
LAYING,
13,
LAYING,
13,
LAYING,
13,
LAYING,
13,
LAYING,
13,
LAYING,
13,
LAYING,
13,
LAYING,
13,
LAYING,
13,
LAYING,
13,
LAYING,
13,
LAYING,
13,
LAYING,
13,
LAYING,
13,
LAYING,
13,
LAYING,
13,
LAYING,
13,
LAYING,
13,
LAYING,
13,
LAYING,
13,
LAYING,
13,
WALKING,
13,
WALKING,
13,
WALKING,
13,
WALKING,
13,
WALKING,
13,
WALKING,
13,
WALKING,
13,
WALKING,
13,
WALKING,
13,
WALKING,
13,
WALKING,
13,
WALKING,
13,
WALKING,
13,
WALKING,
13,
WALKING,
13,
WALKING,
13,
WALKING,
13,
WALKING,
13,
WALKING,
13,
WALKING,
13,
WALKING,
13,
WALKING,
13,
WALKING,
13,
WALKING,
13,
WALKING,
13,
WALKING,
13,
WALKING,
13,
WALKING,
13,
WALKING,
13,
WALKING,
13,
WALKING_DOWNSTAIRS,
13,
WALKING_DOWNSTAIRS,
13,
WALKING_DOWNSTAIRS,
13,
WALKING_DOWNSTAIRS,
13,
WALKING_DOWNSTAIRS,
13,
WALKING_DOWNSTAIRS,
13,
WALKING_DOWNSTAIRS,
13,
WALKING_DOWNSTAIRS,
13,
WALKING_DOWNSTAIRS,
13,
WALKING_DOWNSTAIRS,
13,
WALKING_DOWNSTAIRS,
13,
WALKING_DOWNSTAIRS,
13,
WALKING_DOWNSTAIRS,
13,
WALKING_DOWNSTAIRS,
13,
WALKING_DOWNSTAIRS,
13,
WALKING_DOWNSTAIRS,
13,
WALKING_DOWNSTAIRS,
13,
WALKING_DOWNSTAIRS,
13,
WALKING_DOWNSTAIRS,
13,
WALKING_DOWNSTAIRS,
13,
WALKING_DOWNSTAIRS,
13,
WALKING_DOWNSTAIRS,
13,
WALKING_DOWNSTAIRS,
13,
WALKING_DOWNSTAIRS,
13,
WALKING_DOWNSTAIRS,
13,
WALKING_DOWNSTAIRS,
13,
WALKING_DOWNSTAIRS,
13,
WALKING_UPSTAIRS,
13,
WALKING_UPSTAIRS,
13,
WALKING_UPSTAIRS,
13,
WALKING_UPSTAIRS,
13,
WALKING_UPSTAIRS,
13,
WALKING_UPSTAIRS,
13,
WALKING_UPSTAIRS,
13,
WALKING_UPSTAIRS,
13,
WALKING_UPSTAIRS,
13,
WALKING_UPSTAIRS,
13,
WALKING_UPSTAIRS,
13,
WALKING_UPSTAIRS,
13,
WALKING_UPSTAIRS,
13,
WALKING_UPSTAIRS,
13,
WALKING_UPSTAIRS,
13,
WALKING_UPSTAIRS,
13,
WALKING_UPSTAIRS,
13,
WALKING_UPSTAIRS,
13,
WALKING_UPSTAIRS,
13,
WALKING_UPSTAIRS,
13,
WALKING_UPSTAIRS,
13,
WALKING_UPSTAIRS,
13,
WALKING_UPSTAIRS,
13,
WALKING_UPSTAIRS,
13,
WALKING_UPSTAIRS,
13,
WALKING_UPSTAIRS,
13,
WALKING_UPSTAIRS,
13,
WALKING_UPSTAIRS,
13,
WALKING_UPSTAIRS,
13,
WALKING_UPSTAIRS,
13,
WALKING_UPSTAIRS,
13,
STANDING,
13,
STANDING,
13,
STANDING,
13,
STANDING,
13,
STANDING,
13,
STANDING,
13,
STANDING,
13,
STANDING,
13,
STANDING,
13,
STANDING,
13,
STANDING,
13,
STANDING,
13,
STANDING,
13,
STANDING,
13,
STANDING,
13,
STANDING,
13,
STANDING,
13,
STANDING,
13,
STANDING,
13,
STANDING,
13,
STANDING,
13,
STANDING,
13,
STANDING,
13,
STANDING,
13,
STANDING,
13,
STANDING,
13,
STANDING,
13,
STANDING,
13,
STANDING,
13,
STANDING,
13,
SITTING,
13,
SITTING,
13,
SITTING,
13,
SITTING,
13,
SITTING,
13,
SITTING,
13,
SITTING,
13,
SITTING,
13,
SITTING,
13,
SITTING,
13,
SITTING,
13,
SITTING,
13,
SITTING,
13,
SITTING,
13,
SITTING,
13,
SITTING,
13,
SITTING,
13,
SITTING,
13,
SITTING,
13,
SITTING,
13,
SITTING,
13,
SITTING,
13,
SITTING,
13,
SITTING,
13,
SITTING,
13,
LAYING,
13,
LAYING,
13,
LAYING,
13,
LAYING,
13,
LAYING,
13,
LAYING,
13,
LAYING,
13,
LAYING,
13,
LAYING,
13,
LAYING,
13,
LAYING,
13,
LAYING,
13,
LAYING,
13,
LAYING,
13,
LAYING,
13,
LAYING,
13,
LAYING,
13,
LAYING,
13,
LAYING,
13,
LAYING,
13,
LAYING,
13,
LAYING,
13,
LAYING,
13,
LAYING,
13,
LAYING,
13,
LAYING,
13,
LAYING,
13,
LAYING,
13,
LAYING,
13,
WALKING,
13,
WALKING,
13,
WALKING,
13,
WALKING,
13,
WALKING,
13,
WALKING,
13,
WALKING,
13,
WALKING,
13,
WALKING,
13,
WALKING,
13,
WALKING,
13,
WALKING,
13,
WALKING,
13,
WALKING,
13,
WALKING,
13,
WALKING,
13,
WALKING,
13,
WALKING,
13,
WALKING,
13,
WALKING,
13,
WALKING,
13,
WALKING,
13,
WALKING,
13,
WALKING,
13,
WALKING,
13,
WALKING,
13,
WALKING,
13,
WALKING_DOWNSTAIRS,
13,
WALKING_DOWNSTAIRS,
13,
WALKING_DOWNSTAIRS,
13,
WALKING_DOWNSTAIRS,
13,
WALKING_DOWNSTAIRS,
13,
WALKING_DOWNSTAIRS,
13,
WALKING_DOWNSTAIRS,
13,
WALKING_DOWNSTAIRS,
13,
WALKING_DOWNSTAIRS,
13,
WALKING_DOWNSTAIRS,
13,
WALKING_DOWNSTAIRS,
13,
WALKING_DOWNSTAIRS,
13,
WALKING_DOWNSTAIRS,
13,
WALKING_DOWNSTAIRS,
13,
WALKING_DOWNSTAIRS,
13,
WALKING_DOWNSTAIRS,
13,
WALKING_DOWNSTAIRS,
13,
WALKING_DOWNSTAIRS,
13,
WALKING_DOWNSTAIRS,
13,
WALKING_DOWNSTAIRS,
13,
WALKING_UPSTAIRS,
13,
WALKING_UPSTAIRS,
13,
WALKING_UPSTAIRS,
13,
WALKING_UPSTAIRS,
13,
WALKING_UPSTAIRS,
13,
WALKING_UPSTAIRS,
13,
WALKING_UPSTAIRS,
13,
WALKING_UPSTAIRS,
13,
WALKING_UPSTAIRS,
13,
WALKING_UPSTAIRS,
13,
WALKING_UPSTAIRS,
13,
WALKING_UPSTAIRS,
13,
WALKING_UPSTAIRS,
13,
WALKING_UPSTAIRS,
13,
WALKING_UPSTAIRS,
13,
WALKING_UPSTAIRS,
13,
WALKING_UPSTAIRS,
13,
WALKING_UPSTAIRS,
13,
WALKING_UPSTAIRS,
13,
WALKING_UPSTAIRS,
13,
WALKING_UPSTAIRS,
13,
WALKING_UPSTAIRS,
13,
WALKING_UPSTAIRS,
13,
WALKING_UPSTAIRS,
18,
STANDING,
18,
STANDING,
18,
STANDING,
18,
STANDING,
18,
STANDING,
18,
STANDING,
18,
STANDING,
18,
STANDING,
18,
STANDING,
18,
STANDING,
18,
STANDING,
18,
STANDING,
18,
STANDING,
18,
STANDING,
18,
STANDING,
18,
STANDING,
18,
STANDING,
18,
STANDING,
18,
STANDING,
18,
STANDING,
18,
STANDING,
18,
STANDING,
18,
STANDING,
18,
STANDING,
18,
STANDING,
18,
STANDING,
18,
STANDING,
18,
STANDING,
18,
STANDING,
18,
STANDING,
18,
STANDING,
18,
STANDING,
18,
STANDING,
18,
STANDING,
18,
STANDING,
18,
STANDING,
18,
STANDING,
18,
STANDING,
18,
STANDING,
18,
STANDING,
18,
SITTING,
18,
SITTING,
18,
SITTING,
18,
SITTING,
18,
SITTING,
18,
SITTING,
18,
SITTING,
18,
SITTING,
18,
SITTING,
18,
SITTING,
18,
SITTING,
18,
SITTING,
18,
SITTING,
18,
SITTING,
18,
SITTING,
18,
SITTING,
18,
SITTING,
18,
SITTING,
18,
SITTING,
18,
SITTING,
18,
SITTING,
18,
SITTING,
18,
SITTING,
18,
SITTING,
18,
SITTING,
18,
SITTING,
18,
SITTING,
18,
SITTING,
18,
SITTING,
18,
SITTING,
18,
LAYING,
18,
LAYING,
18,
LAYING,
18,
LAYING,
18,
LAYING,
18,
LAYING,
18,
LAYING,
18,
LAYING,
18,
LAYING,
18,
LAYING,
18,
LAYING,
18,
LAYING,
18,
LAYING,
18,
LAYING,
18,
LAYING,
18,
LAYING,
18,
LAYING,
18,
LAYING,
18,
LAYING,
18,
LAYING,
18,
LAYING,
18,
LAYING,
18,
LAYING,
18,
LAYING,
18,
LAYING,
18,
LAYING,
18,
LAYING,
18,
LAYING,
18,
LAYING,
18,
LAYING,
18,
LAYING,
18,
LAYING,
18,
WALKING,
18,
WALKING,
18,
WALKING,
18,
WALKING,
18,
WALKING,
18,
WALKING,
18,
WALKING,
18,
WALKING,
18,
WALKING,
18,
WALKING,
18,
WALKING,
18,
WALKING,
18,
WALKING,
18,
WALKING,
18,
WALKING,
18,
WALKING,
18,
WALKING,
18,
WALKING,
18,
WALKING,
18,
WALKING,
18,
WALKING,
18,
WALKING,
18,
WALKING,
18,
WALKING,
18,
WALKING,
18,
WALKING,
18,
WALKING,
18,
WALKING,
18,
WALKING,
18,
WALKING_DOWNSTAIRS,
18,
WALKING_DOWNSTAIRS,
18,
WALKING_DOWNSTAIRS,
18,
WALKING_DOWNSTAIRS,
18,
WALKING_DOWNSTAIRS,
18,
WALKING_DOWNSTAIRS,
18,
WALKING_DOWNSTAIRS,
18,
WALKING_DOWNSTAIRS,
18,
WALKING_DOWNSTAIRS,
18,
WALKING_DOWNSTAIRS,
18,
WALKING_UPSTAIRS,
18,
WALKING_UPSTAIRS,
18,
WALKING_UPSTAIRS,
18,
WALKING_UPSTAIRS,
18,
WALKING_UPSTAIRS,
18,
WALKING_UPSTAIRS,
18,
WALKING_UPSTAIRS,
18,
WALKING_UPSTAIRS,
18,
WALKING_UPSTAIRS,
18,
WALKING_UPSTAIRS,
18,
WALKING_DOWNSTAIRS,
18,
WALKING_DOWNSTAIRS,
18,
WALKING_DOWNSTAIRS,
18,
WALKING_DOWNSTAIRS,
18,
WALKING_DOWNSTAIRS,
18,
WALKING_DOWNSTAIRS,
18,
WALKING_DOWNSTAIRS,
18,
WALKING_DOWNSTAIRS,
18,
WALKING_DOWNSTAIRS,
18,
WALKING_UPSTAIRS,
18,
WALKING_UPSTAIRS,
18,
WALKING_UPSTAIRS,
18,
WALKING_UPSTAIRS,
18,
WALKING_UPSTAIRS,
18,
WALKING_UPSTAIRS,
18,
WALKING_UPSTAIRS,
18,
WALKING_UPSTAIRS,
18,
WALKING_UPSTAIRS,
18,
WALKING_DOWNSTAIRS,
18,
WALKING_DOWNSTAIRS,
18,
WALKING_DOWNSTAIRS,
18,
WALKING_DOWNSTAIRS,
18,
WALKING_DOWNSTAIRS,
18,
WALKING_DOWNSTAIRS,
18,
WALKING_DOWNSTAIRS,
18,
WALKING_DOWNSTAIRS,
18,
WALKING_DOWNSTAIRS,
18,
WALKING_UPSTAIRS,
18,
WALKING_UPSTAIRS,
18,
WALKING_UPSTAIRS,
18,
WALKING_UPSTAIRS,
18,
WALKING_UPSTAIRS,
18,
WALKING_UPSTAIRS,
18,
WALKING_UPSTAIRS,
18,
WALKING_UPSTAIRS,
18,
WALKING_UPSTAIRS,
18,
WALKING_UPSTAIRS,
18,
STANDING,
18,
STANDING,
18,
STANDING,
18,
STANDING,
18,
STANDING,
18,
STANDING,
18,
STANDING,
18,
STANDING,
18,
STANDING,
18,
STANDING,
18,
STANDING,
18,
STANDING,
18,
STANDING,
18,
STANDING,
18,
STANDING,
18,
STANDING,
18,
STANDING,
18,
STANDING,
18,
STANDING,
18,
STANDING,
18,
STANDING,
18,
STANDING,
18,
STANDING,
18,
STANDING,
18,
STANDING,
18,
STANDING,
18,
STANDING,
18,
STANDING,
18,
STANDING,
18,
STANDING,
18,
STANDING,
18,
STANDING,
18,
STANDING,
18,
SITTING,
18,
SITTING,
18,
SITTING,
18,
SITTING,
18,
SITTING,
18,
SITTING,
18,
SITTING,
18,
SITTING,
18,
SITTING,
18,
SITTING,
18,
SITTING,
18,
SITTING,
18,
SITTING,
18,
SITTING,
18,
SITTING,
18,
SITTING,
18,
SITTING,
18,
SITTING,
18,
SITTING,
18,
SITTING,
18,
SITTING,
18,
SITTING,
18,
SITTING,
18,
SITTING,
18,
SITTING,
18,
SITTING,
18,
SITTING,
18,
LAYING,
18,
LAYING,
18,
LAYING,
18,
LAYING,
18,
LAYING,
18,
LAYING,
18,
LAYING,
18,
LAYING,
18,
LAYING,
18,
LAYING,
18,
LAYING,
18,
LAYING,
18,
LAYING,
18,
LAYING,
18,
LAYING,
18,
LAYING,
18,
LAYING,
18,
LAYING,
18,
LAYING,
18,
LAYING,
18,
LAYING,
18,
LAYING,
18,
LAYING,
18,
LAYING,
18,
LAYING,
18,
LAYING,
18,
LAYING,
18,
LAYING,
18,
LAYING,
18,
LAYING,
18,
LAYING,
18,
LAYING,
18,
LAYING,
18,
WALKING,
18,
WALKING,
18,
WALKING,
18,
WALKING,
18,
WALKING,
18,
WALKING,
18,
WALKING,
18,
WALKING,
18,
WALKING,
18,
WALKING,
18,
WALKING,
18,
WALKING,
18,
WALKING,
18,
WALKING,
18,
WALKING,
18,
WALKING,
18,
WALKING,
18,
WALKING,
18,
WALKING,
18,
WALKING,
18,
WALKING,
18,
WALKING,
18,
WALKING,
18,
WALKING,
18,
WALKING,
18,
WALKING,
18,
WALKING,
18,
WALKING_DOWNSTAIRS,
18,
WALKING_DOWNSTAIRS,
18,
WALKING_DOWNSTAIRS,
18,
WALKING_DOWNSTAIRS,
18,
WALKING_DOWNSTAIRS,
18,
WALKING_DOWNSTAIRS,
18,
WALKING_DOWNSTAIRS,
18,
WALKING_DOWNSTAIRS,
18,
WALKING_DOWNSTAIRS,
18,
WALKING_DOWNSTAIRS,
18,
WALKING_DOWNSTAIRS,
18,
WALKING_DOWNSTAIRS,
18,
WALKING_DOWNSTAIRS,
18,
WALKING_DOWNSTAIRS,
18,
WALKING_DOWNSTAIRS,
18,
WALKING_DOWNSTAIRS,
18,
WALKING_DOWNSTAIRS,
18,
WALKING_DOWNSTAIRS,
18,
WALKING_UPSTAIRS,
18,
WALKING_UPSTAIRS,
18,
WALKING_UPSTAIRS,
18,
WALKING_UPSTAIRS,
18,
WALKING_UPSTAIRS,
18,
WALKING_UPSTAIRS,
18,
WALKING_UPSTAIRS,
18,
WALKING_UPSTAIRS,
18,
WALKING_UPSTAIRS,
18,
WALKING_UPSTAIRS,
18,
WALKING_UPSTAIRS,
18,
WALKING_UPSTAIRS,
18,
WALKING_UPSTAIRS,
18,
WALKING_UPSTAIRS,
18,
WALKING_UPSTAIRS,
18,
WALKING_UPSTAIRS,
18,
WALKING_UPSTAIRS,
18,
WALKING_UPSTAIRS,
18,
WALKING_UPSTAIRS,
18,
WALKING_UPSTAIRS,
18,
WALKING_UPSTAIRS,
18,
WALKING_UPSTAIRS,
18,
WALKING_UPSTAIRS,
18,
WALKING_UPSTAIRS,
18,
WALKING_UPSTAIRS,
18,
WALKING_UPSTAIRS,
18,
WALKING_UPSTAIRS,
18,
WALKING_UPSTAIRS,
18,
WALKING_UPSTAIRS,
18,
WALKING_DOWNSTAIRS,
18,
WALKING_DOWNSTAIRS,
18,
WALKING_DOWNSTAIRS,
18,
WALKING_DOWNSTAIRS,
18,
WALKING_DOWNSTAIRS,
18,
WALKING_DOWNSTAIRS,
18,
WALKING_DOWNSTAIRS,
18,
WALKING_DOWNSTAIRS,
18,
WALKING_DOWNSTAIRS,
20,
STANDING,
20,
STANDING,
20,
STANDING,
20,
STANDING,
20,
STANDING,
20,
STANDING,
20,
STANDING,
20,
STANDING,
20,
STANDING,
20,
STANDING,
20,
STANDING,
20,
STANDING,
20,
STANDING,
20,
STANDING,
20,
STANDING,
20,
STANDING,
20,
STANDING,
20,
STANDING,
20,
STANDING,
20,
STANDING,
20,
STANDING,
20,
STANDING,
20,
STANDING,
20,
STANDING,
20,
STANDING,
20,
STANDING,
20,
STANDING,
20,
STANDING,
20,
STANDING,
20,
STANDING,
20,
STANDING,
20,
STANDING,
20,
STANDING,
20,
STANDING,
20,
STANDING,
20,
STANDING,
20,
STANDING,
20,
STANDING,
20,
SITTING,
20,
SITTING,
20,
SITTING,
20,
SITTING,
20,
SITTING,
20,
SITTING,
20,
SITTING,
20,
SITTING,
20,
SITTING,
20,
SITTING,
20,
SITTING,
20,
SITTING,
20,
SITTING,
20,
SITTING,
20,
SITTING,
20,
SITTING,
20,
SITTING,
20,
SITTING,
20,
SITTING,
20,
SITTING,
20,
SITTING,
20,
SITTING,
20,
SITTING,
20,
SITTING,
20,
SITTING,
20,
SITTING,
20,
SITTING,
20,
SITTING,
20,
SITTING,
20,
SITTING,
20,
SITTING,
20,
SITTING,
20,
SITTING,
20,
SITTING,
20,
SITTING,
20,
SITTING,
20,
LAYING,
20,
LAYING,
20,
LAYING,
20,
LAYING,
20,
LAYING,
20,
LAYING,
20,
LAYING,
20,
LAYING,
20,
LAYING,
20,
LAYING,
20,
LAYING,
20,
LAYING,
20,
LAYING,
20,
LAYING,
20,
LAYING,
20,
LAYING,
20,
LAYING,
20,
LAYING,
20,
LAYING,
20,
LAYING,
20,
LAYING,
20,
LAYING,
20,
LAYING,
20,
LAYING,
20,
LAYING,
20,
LAYING,
20,
LAYING,
20,
LAYING,
20,
LAYING,
20,
LAYING,
20,
LAYING,
20,
WALKING,
20,
WALKING,
20,
WALKING,
20,
WALKING,
20,
WALKING,
20,
WALKING,
20,
WALKING,
20,
WALKING,
20,
WALKING,
20,
WALKING,
20,
WALKING,
20,
WALKING,
20,
WALKING,
20,
WALKING,
20,
WALKING,
20,
WALKING,
20,
WALKING,
20,
WALKING,
20,
WALKING,
20,
WALKING,
20,
WALKING,
20,
WALKING,
20,
WALKING,
20,
WALKING,
20,
WALKING,
20,
WALKING,
20,
WALKING,
20,
WALKING_DOWNSTAIRS,
20,
WALKING_DOWNSTAIRS,
20,
WALKING_DOWNSTAIRS,
20,
WALKING_DOWNSTAIRS,
20,
WALKING_DOWNSTAIRS,
20,
WALKING_DOWNSTAIRS,
20,
WALKING_DOWNSTAIRS,
20,
WALKING_DOWNSTAIRS,
20,
WALKING_DOWNSTAIRS,
20,
WALKING_DOWNSTAIRS,
20,
WALKING_DOWNSTAIRS,
20,
WALKING_DOWNSTAIRS,
20,
WALKING_DOWNSTAIRS,
20,
WALKING_DOWNSTAIRS,
20,
WALKING_DOWNSTAIRS,
20,
WALKING_DOWNSTAIRS,
20,
WALKING_DOWNSTAIRS,
20,
WALKING_DOWNSTAIRS,
20,
WALKING_DOWNSTAIRS,
20,
WALKING_DOWNSTAIRS,
20,
WALKING_DOWNSTAIRS,
20,
WALKING_DOWNSTAIRS,
20,
WALKING_UPSTAIRS,
20,
WALKING_UPSTAIRS,
20,
WALKING_UPSTAIRS,
20,
WALKING_UPSTAIRS,
20,
WALKING_UPSTAIRS,
20,
WALKING_UPSTAIRS,
20,
WALKING_UPSTAIRS,
20,
WALKING_UPSTAIRS,
20,
WALKING_UPSTAIRS,
20,
WALKING_UPSTAIRS,
20,
WALKING_UPSTAIRS,
20,
WALKING_UPSTAIRS,
20,
WALKING_UPSTAIRS,
20,
WALKING_UPSTAIRS,
20,
WALKING_UPSTAIRS,
20,
WALKING_UPSTAIRS,
20,
WALKING_UPSTAIRS,
20,
WALKING_UPSTAIRS,
20,
WALKING_UPSTAIRS,
20,
WALKING_UPSTAIRS,
20,
WALKING_UPSTAIRS,
20,
WALKING_UPSTAIRS,
20,
WALKING_UPSTAIRS,
20,
WALKING_UPSTAIRS,
20,
WALKING_UPSTAIRS,
20,
WALKING_UPSTAIRS,
20,
STANDING,
20,
STANDING,
20,
STANDING,
20,
STANDING,
20,
STANDING,
20,
STANDING,
20,
STANDING,
20,
STANDING,
20,
STANDING,
20,
STANDING,
20,
STANDING,
20,
STANDING,
20,
STANDING,
20,
STANDING,
20,
STANDING,
20,
STANDING,
20,
STANDING,
20,
STANDING,
20,
STANDING,
20,
STANDING,
20,
STANDING,
20,
STANDING,
20,
STANDING,
20,
STANDING,
20,
STANDING,
20,
STANDING,
20,
STANDING,
20,
STANDING,
20,
STANDING,
20,
STANDING,
20,
STANDING,
20,
STANDING,
20,
STANDING,
20,
STANDING,
20,
STANDING,
20,
SITTING,
20,
SITTING,
20,
SITTING,
20,
SITTING,
20,
SITTING,
20,
SITTING,
20,
SITTING,
20,
SITTING,
20,
SITTING,
20,
SITTING,
20,
SITTING,
20,
SITTING,
20,
SITTING,
20,
SITTING,
20,
SITTING,
20,
SITTING,
20,
SITTING,
20,
SITTING,
20,
SITTING,
20,
SITTING,
20,
SITTING,
20,
SITTING,
20,
SITTING,
20,
SITTING,
20,
SITTING,
20,
SITTING,
20,
SITTING,
20,
SITTING,
20,
SITTING,
20,
SITTING,
20,
LAYING,
20,
LAYING,
20,
LAYING,
20,
LAYING,
20,
LAYING,
20,
LAYING,
20,
LAYING,
20,
LAYING,
20,
LAYING,
20,
LAYING,
20,
LAYING,
20,
LAYING,
20,
LAYING,
20,
LAYING,
20,
LAYING,
20,
LAYING,
20,
LAYING,
20,
LAYING,
20,
LAYING,
20,
LAYING,
20,
LAYING,
20,
LAYING,
20,
LAYING,
20,
LAYING,
20,
LAYING,
20,
LAYING,
20,
LAYING,
20,
LAYING,
20,
LAYING,
20,
LAYING,
20,
LAYING,
20,
LAYING,
20,
LAYING,
20,
LAYING,
20,
LAYING,
20,
LAYING,
20,
LAYING,
20,
WALKING,
20,
WALKING,
20,
WALKING,
20,
WALKING,
20,
WALKING,
20,
WALKING,
20,
WALKING,
20,
WALKING,
20,
WALKING,
20,
WALKING,
20,
WALKING,
20,
WALKING,
20,
WALKING,
20,
WALKING,
20,
WALKING,
20,
WALKING,
20,
WALKING,
20,
WALKING,
20,
WALKING,
20,
WALKING,
20,
WALKING,
20,
WALKING,
20,
WALKING,
20,
WALKING,
20,
WALKING_DOWNSTAIRS,
20,
WALKING_DOWNSTAIRS,
20,
WALKING_DOWNSTAIRS,
20,
WALKING_DOWNSTAIRS,
20,
WALKING_DOWNSTAIRS,
20,
WALKING_DOWNSTAIRS,
20,
WALKING_DOWNSTAIRS,
20,
WALKING_DOWNSTAIRS,
20,
WALKING_DOWNSTAIRS,
20,
WALKING_DOWNSTAIRS,
20,
WALKING_DOWNSTAIRS,
20,
WALKING_DOWNSTAIRS,
20,
WALKING_DOWNSTAIRS,
20,
WALKING_DOWNSTAIRS,
20,
WALKING_DOWNSTAIRS,
20,
WALKING_DOWNSTAIRS,
20,
WALKING_DOWNSTAIRS,
20,
WALKING_DOWNSTAIRS,
20,
WALKING_DOWNSTAIRS,
20,
WALKING_DOWNSTAIRS,
20,
WALKING_DOWNSTAIRS,
20,
WALKING_DOWNSTAIRS,
20,
WALKING_DOWNSTAIRS,
20,
WALKING_UPSTAIRS,
20,
WALKING_UPSTAIRS,
20,
WALKING_UPSTAIRS,
20,
WALKING_UPSTAIRS,
20,
WALKING_UPSTAIRS,
20,
WALKING_UPSTAIRS,
20,
WALKING_UPSTAIRS,
20,
WALKING_UPSTAIRS,
20,
WALKING_UPSTAIRS,
20,
WALKING_UPSTAIRS,
20,
WALKING_UPSTAIRS,
20,
WALKING_UPSTAIRS,
20,
WALKING_UPSTAIRS,
20,
WALKING_UPSTAIRS,
20,
WALKING_UPSTAIRS,
20,
WALKING_UPSTAIRS,
20,
WALKING_UPSTAIRS,
20,
WALKING_UPSTAIRS,
20,
WALKING_UPSTAIRS,
20,
WALKING_UPSTAIRS,
20,
WALKING_UPSTAIRS,
20,
WALKING_UPSTAIRS,
20,
WALKING_UPSTAIRS,
20,
WALKING_UPSTAIRS,
20,
WALKING_UPSTAIRS,
24,
STANDING,
24,
STANDING,
24,
STANDING,
24,
STANDING,
24,
STANDING,
24,
STANDING,
24,
STANDING,
24,
STANDING,
24,
STANDING,
24,
STANDING,
24,
STANDING,
24,
STANDING,
24,
STANDING,
24,
STANDING,
24,
STANDING,
24,
STANDING,
24,
STANDING,
24,
STANDING,
24,
STANDING,
24,
STANDING,
24,
STANDING,
24,
STANDING,
24,
STANDING,
24,
STANDING,
24,
STANDING,
24,
STANDING,
24,
STANDING,
24,
STANDING,
24,
STANDING,
24,
STANDING,
24,
STANDING,
24,
STANDING,
24,
STANDING,
24,
SITTING,
24,
SITTING,
24,
SITTING,
24,
SITTING,
24,
SITTING,
24,
SITTING,
24,
SITTING,
24,
SITTING,
24,
SITTING,
24,
SITTING,
24,
SITTING,
24,
SITTING,
24,
SITTING,
24,
SITTING,
24,
SITTING,
24,
SITTING,
24,
SITTING,
24,
SITTING,
24,
SITTING,
24,
SITTING,
24,
SITTING,
24,
SITTING,
24,
SITTING,
24,
SITTING,
24,
SITTING,
24,
SITTING,
24,
SITTING,
24,
SITTING,
24,
SITTING,
24,
SITTING,
24,
SITTING,
24,
SITTING,
24,
SITTING,
24,
SITTING,
24,
LAYING,
24,
LAYING,
24,
LAYING,
24,
LAYING,
24,
LAYING,
24,
LAYING,
24,
LAYING,
24,
LAYING,
24,
LAYING,
24,
LAYING,
24,
LAYING,
24,
LAYING,
24,
LAYING,
24,
LAYING,
24,
LAYING,
24,
LAYING,
24,
LAYING,
24,
LAYING,
24,
LAYING,
24,
LAYING,
24,
LAYING,
24,
LAYING,
24,
LAYING,
24,
LAYING,
24,
LAYING,
24,
LAYING,
24,
LAYING,
24,
LAYING,
24,
LAYING,
24,
LAYING,
24,
LAYING,
24,
LAYING,
24,
LAYING,
24,
LAYING,
24,
LAYING,
24,
LAYING,
24,
WALKING,
24,
WALKING,
24,
WALKING,
24,
WALKING,
24,
WALKING,
24,
WALKING,
24,
WALKING,
24,
WALKING,
24,
WALKING,
24,
WALKING,
24,
WALKING,
24,
WALKING,
24,
WALKING,
24,
WALKING,
24,
WALKING,
24,
WALKING,
24,
WALKING,
24,
WALKING,
24,
WALKING,
24,
WALKING,
24,
WALKING,
24,
WALKING,
24,
WALKING,
24,
WALKING,
24,
WALKING,
24,
WALKING,
24,
WALKING,
24,
WALKING,
24,
WALKING_DOWNSTAIRS,
24,
WALKING_DOWNSTAIRS,
24,
WALKING_DOWNSTAIRS,
24,
WALKING_DOWNSTAIRS,
24,
WALKING_DOWNSTAIRS,
24,
WALKING_DOWNSTAIRS,
24,
WALKING_DOWNSTAIRS,
24,
WALKING_DOWNSTAIRS,
24,
WALKING_DOWNSTAIRS,
24,
WALKING_DOWNSTAIRS,
24,
WALKING_DOWNSTAIRS,
24,
WALKING_DOWNSTAIRS,
24,
WALKING_DOWNSTAIRS,
24,
WALKING_DOWNSTAIRS,
24,
WALKING_DOWNSTAIRS,
24,
WALKING_DOWNSTAIRS,
24,
WALKING_DOWNSTAIRS,
24,
WALKING_DOWNSTAIRS,
24,
WALKING_DOWNSTAIRS,
24,
WALKING_DOWNSTAIRS,
24,
WALKING_DOWNSTAIRS,
24,
WALKING_DOWNSTAIRS,
24,
WALKING_DOWNSTAIRS,
24,
WALKING_DOWNSTAIRS,
24,
WALKING_DOWNSTAIRS,
24,
WALKING_DOWNSTAIRS,
24,
WALKING_DOWNSTAIRS,
24,
WALKING_UPSTAIRS,
24,
WALKING_UPSTAIRS,
24,
WALKING_UPSTAIRS,
24,
WALKING_UPSTAIRS,
24,
WALKING_UPSTAIRS,
24,
WALKING_UPSTAIRS,
24,
WALKING_UPSTAIRS,
24,
WALKING_UPSTAIRS,
24,
WALKING_UPSTAIRS,
24,
WALKING_UPSTAIRS,
24,
WALKING_UPSTAIRS,
24,
WALKING_UPSTAIRS,
24,
WALKING_UPSTAIRS,
24,
WALKING_UPSTAIRS,
24,
WALKING_UPSTAIRS,
24,
WALKING_UPSTAIRS,
24,
WALKING_UPSTAIRS,
24,
WALKING_UPSTAIRS,
24,
WALKING_UPSTAIRS,
24,
WALKING_UPSTAIRS,
24,
WALKING_UPSTAIRS,
24,
WALKING_UPSTAIRS,
24,
WALKING_UPSTAIRS,
24,
WALKING_UPSTAIRS,
24,
WALKING_UPSTAIRS,
24,
WALKING_UPSTAIRS,
24,
WALKING_UPSTAIRS,
24,
WALKING_UPSTAIRS,
24,
WALKING_UPSTAIRS,
24,
STANDING,
24,
STANDING,
24,
STANDING,
24,
STANDING,
24,
STANDING,
24,
STANDING,
24,
STANDING,
24,
STANDING,
24,
STANDING,
24,
STANDING,
24,
STANDING,
24,
STANDING,
24,
STANDING,
24,
STANDING,
24,
STANDING,
24,
STANDING,
24,
STANDING,
24,
STANDING,
24,
STANDING,
24,
STANDING,
24,
STANDING,
24,
STANDING,
24,
STANDING,
24,
STANDING,
24,
STANDING,
24,
STANDING,
24,
STANDING,
24,
STANDING,
24,
STANDING,
24,
STANDING,
24,
STANDING,
24,
STANDING,
24,
STANDING,
24,
STANDING,
24,
STANDING,
24,
STANDING,
24,
SITTING,
24,
SITTING,
24,
SITTING,
24,
SITTING,
24,
SITTING,
24,
SITTING,
24,
SITTING,
24,
SITTING,
24,
SITTING,
24,
SITTING,
24,
SITTING,
24,
SITTING,
24,
SITTING,
24,
SITTING,
24,
SITTING,
24,
SITTING,
24,
SITTING,
24,
SITTING,
24,
SITTING,
24,
SITTING,
24,
SITTING,
24,
SITTING,
24,
SITTING,
24,
SITTING,
24,
SITTING,
24,
SITTING,
24,
SITTING,
24,
SITTING,
24,
SITTING,
24,
SITTING,
24,
SITTING,
24,
SITTING,
24,
SITTING,
24,
SITTING,
24,
LAYING,
24,
LAYING,
24,
LAYING,
24,
LAYING,
24,
LAYING,
24,
LAYING,
24,
LAYING,
24,
LAYING,
24,
LAYING,
24,
LAYING,
24,
LAYING,
24,
LAYING,
24,
LAYING,
24,
LAYING,
24,
LAYING,
24,
LAYING,
24,
LAYING,
24,
LAYING,
24,
LAYING,
24,
LAYING,
24,
LAYING,
24,
LAYING,
24,
LAYING,
24,
LAYING,
24,
LAYING,
24,
LAYING,
24,
LAYING,
24,
LAYING,
24,
LAYING,
24,
LAYING,
24,
LAYING,
24,
LAYING,
24,
LAYING,
24,
LAYING,
24,
LAYING,
24,
LAYING,
24,
WALKING,
24,
WALKING,
24,
WALKING,
24,
WALKING,
24,
WALKING,
24,
WALKING,
24,
WALKING,
24,
WALKING,
24,
WALKING,
24,
WALKING,
24,
WALKING,
24,
WALKING,
24,
WALKING,
24,
WALKING,
24,
WALKING,
24,
WALKING,
24,
WALKING,
24,
WALKING,
24,
WALKING,
24,
WALKING,
24,
WALKING,
24,
WALKING,
24,
WALKING,
24,
WALKING,
24,
WALKING,
24,
WALKING,
24,
WALKING,
24,
WALKING,
24,
WALKING,
24,
WALKING,
24,
WALKING_DOWNSTAIRS,
24,
WALKING_DOWNSTAIRS,
24,
WALKING_DOWNSTAIRS,
24,
WALKING_DOWNSTAIRS,
24,
WALKING_DOWNSTAIRS,
24,
WALKING_DOWNSTAIRS,
24,
WALKING_DOWNSTAIRS,
24,
WALKING_DOWNSTAIRS,
24,
WALKING_DOWNSTAIRS,
24,
WALKING_DOWNSTAIRS,
24,
WALKING_DOWNSTAIRS,
24,
WALKING_DOWNSTAIRS,
24,
WALKING_DOWNSTAIRS,
24,
WALKING_DOWNSTAIRS,
24,
WALKING_DOWNSTAIRS,
24,
WALKING_DOWNSTAIRS,
24,
WALKING_DOWNSTAIRS,
24,
WALKING_DOWNSTAIRS,
24,
WALKING_DOWNSTAIRS,
24,
WALKING_UPSTAIRS,
24,
WALKING_UPSTAIRS,
24,
WALKING_UPSTAIRS,
24,
WALKING_UPSTAIRS,
24,
WALKING_UPSTAIRS,
24,
WALKING_UPSTAIRS,
24,
WALKING_UPSTAIRS,
24,
WALKING_UPSTAIRS,
24,
WALKING_UPSTAIRS,
24,
WALKING_UPSTAIRS,
24,
WALKING_UPSTAIRS,
24,
WALKING_UPSTAIRS,
24,
WALKING_UPSTAIRS,
24,
WALKING_UPSTAIRS,
24,
WALKING_UPSTAIRS,
24,
WALKING_UPSTAIRS,
24,
WALKING_UPSTAIRS,
24,
WALKING_UPSTAIRS,
24,
WALKING_UPSTAIRS,
24,
WALKING_UPSTAIRS,
24,
WALKING_DOWNSTAIRS,
24,
WALKING_DOWNSTAIRS,
24,
WALKING_DOWNSTAIRS,
24,
WALKING_DOWNSTAIRS,
24,
WALKING_DOWNSTAIRS,
24,
WALKING_DOWNSTAIRS,
24,
WALKING_DOWNSTAIRS,
24,
WALKING_DOWNSTAIRS,
24,
WALKING_DOWNSTAIRS,
24,
WALKING_UPSTAIRS,
24,
WALKING_UPSTAIRS,
24,
WALKING_UPSTAIRS,
24,
WALKING_UPSTAIRS,
24,
WALKING_UPSTAIRS,
24,
WALKING_UPSTAIRS,
24,
WALKING_UPSTAIRS,
24,
WALKING_UPSTAIRS,
24,
WALKING_UPSTAIRS,
24,
WALKING_UPSTAIRS,
